Unnamed: 0,id,index,period,timestamp,minute,second,type,possession,possession_team,play_pattern,team,player,position,location,duration,under_pressure,related_events,match_id,possession_team_id,team_id,player_id,off_camera
0,50c03fd8-acaf-4d5b-ba93-02a677f78ee1,269,1,00:05:33.191,5,33,Dispossessed,9,Netherlands,From Free Kick,Netherlands,Cody Mathès Gakpo,Left Wing,"[57.1, 6.7]",0.0,True,['e62eccc0-800a-40e2-8461-fca5629a49ad'],3942819,941,941,20750,
1,733186ad-4aa5-4c4e-9290-4b90a2aac136,280,1,00:05:37.472,5,37,Dispossessed,10,England,Regular Play,England,Harry Kane,Center Forward,"[88.6, 47.0]",0.0,True,['e45dab64-d490-4265-8eaf-df5ba69bba03'],3942819,768,768,10955,
2,c55c1238-0513-4a3a-87bf-c206e9904c30,339,1,00:06:37.860,6,37,Dispossessed,11,Netherlands,Regular Play,England,Declan Rice,Left Defensive Midfield,"[35.8, 11.1]",0.0,True,['e7818b20-973e-4f32-83d5-a6bdebdc2b09'],3942819,941,768,3943,
3,3b50050b-63ae-4c23-806d-72c5a2917dc2,430,1,00:12:30.165,12,30,Dispossessed,16,Netherlands,From Free Kick,Netherlands,Donyell Malen,Right Wing,"[51.9, 77.9]",0.0,True,['fb632052-fa38-4fcc-a2a6-d7462e5b65e8'],3942819,941,941,15582,
4,e3c19664-b046-457e-83c7-9d5a255f6e11,627,1,00:21:36.803,21,36,Dispossessed,25,Netherlands,Regular Play,Netherlands,Memphis Depay,Center Forward,"[32.5, 7.5]",0.0,True,"['3febc498-a2d9-40f8-ac09-f227872ea445', 'fe81c088-d774-41a1-8682-195f1994cae9']",3942819,941,941,2988,
5,2d624a32-e887-4089-93f4-e23adf725ff7,798,1,00:25:03.775,25,3,Dispossessed,31,Netherlands,Regular Play,Netherlands,Denzel Dumfries,Right Back,"[40.5, 58.1]",0.0,True,"['48fbfe3b-7c08-4ebc-be83-74300726237f', '83a5e111-991f-44cb-9e33-40fad186cc7b']",3942819,941,941,8125,
6,338fcf01-b10c-4ad9-affe-cf0cee336a2d,920,1,00:27:30.617,27,30,Dispossessed,33,England,Regular Play,England,Jude Bellingham,Left Attacking Midfield,"[97.8, 41.9]",0.0,True,['7185e06e-b6fd-461b-bf20-42c2872d64b8'],3942819,768,768,30714,
7,a6622e30-5b8d-4bd1-bb57-15a6f0342f90,1447,1,00:42:59.393,42,59,Dispossessed,48,England,From Throw In,England,Jude Bellingham,Left Attacking Midfield,"[102.7, 4.8]",0.0,True,['cc03d7e1-9f46-432a-a40d-384903c07053'],3942819,768,768,30714,
8,70df0969-cf81-4ded-9146-22201410bace,1888,2,00:04:29.244,49,29,Dispossessed,60,England,Regular Play,England,Declan Rice,Left Defensive Midfield,"[33.1, 4.3]",0.0,True,"['73b291fb-a3b1-4baa-928b-fd750e363aad', 'f8f9e435-0460-4fe8-b117-8f36994ba1b2']",3942819,768,768,3943,
9,11c0d502-4f4f-46e0-bfcb-1b4082e68983,1914,2,00:05:22.190,50,22,Dispossessed,62,Netherlands,Regular Play,Netherlands,Xavi Simons,Right Wing,"[41.6, 60.7]",0.0,True,['019558ae-be55-44f2-93c9-ea80162703c3'],3942819,941,941,39167,
10,ef050eff-5e62-4a45-82e6-cdd9b5c99859,2039,2,00:08:00.102,53,0,Dispossessed,65,England,From Throw In,England,Harry Kane,Center Forward,"[93.7, 31.2]",0.0,True,['fa9afede-0e6a-4ac1-80b4-89015da6274c'],3942819,768,768,10955,
11,a0c63b9e-d84e-408b-9dfe-74fa06329deb,2108,2,00:10:12.848,55,12,Dispossessed,69,England,Regular Play,England,Declan Rice,Left Defensive Midfield,"[70.2, 6.6]",0.0,True,['f7cffd61-7973-46cc-a1e9-4b53a476afc8'],3942819,768,768,3943,
12,6c2bf6fa-b22b-4e37-b596-13d1f2097e00,3119,2,00:37:08.622,82,8,Dispossessed,98,England,Regular Play,England,Ollie Watkins,Center Forward,"[79.3, 26.9]",0.0,True,['21a57b28-ea83-45c2-958e-5ec00e402a97'],3942819,768,768,4760,
13,da227be3-8bb5-4a41-aa11-2e19a0e7172b,3249,2,00:39:12.342,84,12,Dispossessed,101,Netherlands,Regular Play,Netherlands,Denzel Dumfries,Right Back,"[33.2, 71.5]",0.0,True,['dca34305-22cc-40a7-95db-3c58c649c546'],3942819,941,941,8125,
14,fe4f5b11-6a15-407f-b23b-78d0b37b8368,32,1,00:00:59.244,0,59,Dispossessed,4,Spain,From Throw In,Spain,Daniel Carvajal Ramos,Right Back,"[69.8, 78.1]",0.0,True,['723f41ed-88af-4d72-805f-a7a6345fc060'],3943043,772,772,5721,
15,0f1711dd-6461-4166-88fe-003731fccf49,39,1,00:01:01.153,1,1,Dispossessed,4,Spain,From Throw In,England,Phil Foden,Center Attacking Midfield,"[56.6, 1.8]",0.0,True,"['038062b3-1cbf-48be-ad0a-294fc7993369', 'b724a034-ff37-4d29-9af0-644da1153b40']",3943043,772,768,4354,
16,8ce3409a-b1a8-42fd-bee2-d8cde3a793bc,62,1,00:01:31.930,1,31,Dispossessed,4,Spain,From Throw In,Spain,Lamine Yamal Nasraoui Ebana,Right Wing,"[98.3, 65.4]",0.0,True,"['1c44701f-2b15-464c-960f-313ede65d9a1', 'c5115b58-889a-45d3-81aa-337cb70d625b']",3943043,772,772,316046,
17,b52b3c14-278b-4fed-b3c8-513c09ac486d,86,1,00:01:53.324,1,53,Dispossessed,6,Spain,Regular Play,Spain,Daniel Carvajal Ramos,Right Back,"[33.5, 76.8]",0.0,True,['3c74f200-a550-4263-b131-4c1812884c64'],3943043,772,772,5721,
18,8eaf881f-e49b-4b48-a4ca-0a21f7b8ddb8,546,1,00:14:32.419,14,32,Dispossessed,26,England,From Throw In,England,Phil Foden,Center Attacking Midfield,"[62.7, 6.5]",0.0,True,"['2e1ff646-de0d-48c3-b451-15475c819692', '40b4bbf2-7e91-43de-8444-1799dfef1316', 'ffb2a405-db34-4ce6-9e3b-8a867a9fd1ea']",3943043,768,768,4354,
19,8c48f2b7-1215-465b-aa67-2bc8d635021a,947,1,00:24:26.240,24,26,Dispossessed,41,Spain,Regular Play,Spain,Álvaro Borja Morata Martín,Center Forward,"[49.8, 12.6]",0.0,True,['e8b80580-007e-41a4-a53a-6c8197dc168a'],3943043,772,772,3477,
20,cc8f98ad-5fc7-4c48-9950-b60a437ac444,953,1,00:24:33.120,24,33,Dispossessed,42,England,Regular Play,England,Bukayo Saka,Right Wing,"[98.2, 70.7]",0.0,True,['076ccd2f-97cc-42d0-819b-12e9068500d0'],3943043,768,768,22084,
21,28f51421-b289-4c0e-941b-fbc248bbab6e,1094,1,00:28:34.102,28,34,Dispossessed,46,England,From Keeper,England,Jude Bellingham,Left Wing,"[105.7, 2.4]",0.0,True,"['993a7079-6698-464e-829e-8fb6d26b6e88', 'f028014b-755f-411a-aa29-9152311d34f3']",3943043,768,768,30714,
22,67c1f417-b4df-4898-8f44-a2ad4f73799e,1104,1,00:28:51.195,28,51,Dispossessed,47,Spain,From Throw In,Spain,Fabián Ruiz Peña,Left Defensive Midfield,"[19.7, 78.1]",0.0,True,['1763e770-f7d0-4f67-8d11-ff672d1abb66'],3943043,772,772,6655,
23,57e84566-9f4a-4b93-81e8-11e679d996dc,1205,1,00:32:18.437,32,18,Dispossessed,54,Spain,Regular Play,Spain,Fabián Ruiz Peña,Left Defensive Midfield,"[27.6, 54.0]",0.0,True,['0e1998e6-8fd3-4d97-b783-f9e5098505c6'],3943043,772,772,6655,
24,798606ef-3240-4a34-a1ba-6d81e14a3770,1259,1,00:33:32.034,33,32,Dispossessed,56,Spain,Other,Spain,Lamine Yamal Nasraoui Ebana,Right Wing,"[114.8, 61.8]",0.0,True,"['2d3a5d4c-6ed9-429d-945f-58a08151bba0', '943db132-fc58-459f-a80e-06f8d7afcdbe']",3943043,772,772,316046,
25,990a5dbb-966d-4558-b5b9-92d96c469543,1397,1,00:37:40.545,37,40,Dispossessed,60,Spain,Regular Play,England,Jude Bellingham,Left Wing,"[34.4, 28.2]",0.0,True,['c5992040-f9b7-45fd-b5aa-a611658d1911'],3943043,772,768,30714,
26,a06c700f-f1fc-4fb3-bedb-b5672f7f2855,1666,1,00:44:00.251,44,0,Dispossessed,73,Spain,Regular Play,Spain,Daniel Carvajal Ramos,Right Back,"[27.9, 60.7]",0.0,True,['9f18c722-cc2b-4a99-9f82-3854a6a1e327'],3943043,772,772,5721,
27,9105d2d5-e560-4f0f-b1ff-c706e8a398a2,1882,2,00:04:20.533,49,20,Dispossessed,85,Spain,Regular Play,Spain,Fabián Ruiz Peña,Left Defensive Midfield,"[57.6, 61.4]",0.0,True,['506cf9a9-a82e-4c85-97db-0299d74d15c8'],3943043,772,772,6655,
28,c29bbffd-94f1-45ad-85f4-252ccd1a2b51,2140,2,00:10:07.248,55,7,Dispossessed,92,Spain,From Throw In,Spain,Lamine Yamal Nasraoui Ebana,Right Wing,"[104.8, 54.7]",0.0,True,"['1b1ac6a0-5679-4a6f-9018-545dc9534150', '3e12c429-6879-40df-bfdf-462173ebd3f4']",3943043,772,772,316046,
29,021ef93b-0719-4e59-ac8d-28e979909e7a,2269,2,00:13:17.342,58,17,Dispossessed,97,Spain,From Throw In,Spain,Daniel Olmo Carvajal,Center Attacking Midfield,"[54.8, 54.5]",0.0,True,['b01ae001-94db-4d75-9491-059b44c7461c'],3943043,772,772,16532,
30,0a2ee358-96f9-4876-97f8-eeef590d53a0,2363,2,00:14:49.940,59,49,Dispossessed,98,England,Regular Play,Spain,Nicholas Williams Arthuer,Left Wing,"[21.5, 3.6]",0.0,True,['cd38bbe5-6c1b-4710-a041-fb5556b6b739'],3943043,768,772,68574,
31,b0b55bd3-a24f-48fa-b9fd-a9e654783b6f,2380,2,00:15:00.851,60,0,Dispossessed,98,England,Regular Play,England,Luke Shaw,Left Back,"[89.2, 8.4]",0.0,True,"['719ce0b3-42e7-4d27-b1da-a777f44a05b0', 'fd2d7e5c-297d-41dd-8ec7-f375ded10d30']",3943043,768,768,3382,
32,23e623f3-326e-4a97-87e6-84df18fcdfb6,2394,2,00:15:52.307,60,52,Dispossessed,99,England,From Throw In,England,Kobbie Mainoo,Right Defensive Midfield,"[93.1, 47.1]",0.0,True,['0aaddaa7-7234-4b31-91a1-e1ce751ffe3b'],3943043,768,768,99174,
33,073fb815-ddaa-4bff-a493-dedfa5739ae2,2554,2,00:23:04.441,68,4,Dispossessed,108,England,From Goal Kick,England,Kyle Walker,Right Back,"[34.4, 70.6]",0.0,True,"['2b37a07b-39f8-4c0a-a0a5-d79bb7a23d8d', 'e0a8dffc-f8c1-4a1d-b9fe-ac74e53a0aa5']",3943043,768,768,3205,
34,e9a5490b-971a-4f6d-b0df-274f76fa2351,2622,2,00:25:26.176,70,26,Dispossessed,112,England,From Throw In,Spain,Fabián Ruiz Peña,Left Defensive Midfield,"[25.6, 15.3]",0.0,True,['2b9b73c4-9a60-4f12-8b16-e3f9e894f190'],3943043,768,772,6655,
35,eae0f39f-6867-45a6-a9d8-12283aaa29f3,2995,2,00:36:01.027,81,1,Dispossessed,128,England,Regular Play,England,Cole Palmer,Center Attacking Midfield,"[57.2, 52.9]",0.0,True,['ae12d868-7e7c-4adc-bf12-c43b88f3a39e'],3943043,768,768,39461,
36,6c77ae15-4cfc-464f-b9c8-3a427e399c8d,3148,2,00:39:04.041,84,4,Dispossessed,133,Spain,Regular Play,Spain,Nicholas Williams Arthuer,Left Wing,"[101.4, 45.6]",0.0,True,['0493488e-f4fb-41f7-95c9-6f26efc1bae5'],3943043,772,772,68574,
120,fdf9c2a1-8f6c-4cc8-9ac2-005a3f918aaf,47,1,00:00:53.039,0,53,Dispossessed,5,England,From Keeper,Denmark,Jonas Older Wind,Right Wing,"[80.9, 72.9]",0.0,True,['d596ebdb-8df0-4453-87a3-c51dd6fc0776'],3930171,768,776,21261,
121,abf837c9-6756-4fdd-8f39-7926d8fb490a,536,1,00:10:38.682,10,38,Dispossessed,14,England,Regular Play,England,Jude Bellingham,Center Attacking Midfield,"[99.5, 65.4]",0.0,True,"['610d8ba7-d8b6-4570-8a20-195ba526dd96', 'ddc6cd45-00b4-4fed-b42d-e5c842b7d193']",3930171,768,768,30714,
122,d4ecace1-64b2-4d7d-8a24-e62a2359201d,922,1,00:19:53.552,19,53,Dispossessed,27,Denmark,From Kick Off,England,Trent Alexander-Arnold,Right Defensive Midfield,"[6.8, 55.0]",0.0,True,['5ea164e4-9acb-446a-8162-e6e8ba96930a'],3930171,776,768,3664,
123,37c26cd7-12bc-4c6d-ab7f-fe76a6a49385,1502,1,00:35:56.735,35,56,Dispossessed,49,England,From Throw In,England,Harry Kane,Center Forward,"[62.8, 21.2]",0.0,True,"['49530a9f-6ef7-4fa9-9c22-f60492af211c', '6968c870-b2cb-4719-b7db-4096af243e51', 'f57e61d8-9319-4071-a2cd-8d33db0f32f0']",3930171,768,768,10955,
124,211b5e0a-76b0-4c6e-93b4-dc2a64d3a125,1764,1,00:41:45.318,41,45,Dispossessed,58,England,Regular Play,Denmark,Jonas Older Wind,Right Wing,"[30.9, 55.0]",0.0,True,['1033012d-8a0f-48df-aa0b-fd3dc3426ae3'],3930171,768,776,21261,
125,4158e75b-2790-4e0f-b756-722d7093e515,1854,1,00:43:16.044,43,16,Dispossessed,61,Denmark,Regular Play,Denmark,Pierre-Emile Højbjerg,Left Defensive Midfield,"[98.2, 58.6]",0.0,True,"['6823970d-a503-4221-8a49-ec4469260277', '8c3a0c1b-d535-43cf-bb2f-5b1053a64fee']",3930171,776,776,3570,
126,637cddf7-1796-487a-a456-1be47987552c,1860,1,00:43:20.700,43,20,Dispossessed,61,Denmark,Regular Play,England,Harry Kane,Center Forward,"[40.4, 19.1]",0.0,True,['eadd47a5-fc99-429d-89dd-961c4de34ea0'],3930171,776,768,10955,
127,26c9f866-1d64-4e1c-978a-c3f7d3645bf8,1903,1,00:44:17.410,44,17,Dispossessed,63,England,From Keeper,England,Declan Rice,Left Defensive Midfield,"[15.9, 43.0]",0.0,True,['101dad63-5781-42e2-bd48-fcecc64fb608'],3930171,768,768,3943,
128,930c57e1-92dd-4d8d-a03a-e8c5d3b2c22a,2109,2,00:02:03.038,47,3,Dispossessed,68,England,From Free Kick,England,Declan Rice,Left Defensive Midfield,"[77.6, 15.1]",0.0,True,"['326ff1b4-e069-4119-9803-b12980612c73', 'd781d9a9-5c64-4508-b18d-012c85919635']",3930171,768,768,3943,
129,717aa2cb-c8e4-453f-9803-7d7ac68781ab,2239,2,00:03:54.162,48,54,Dispossessed,71,Denmark,Regular Play,Denmark,Pierre-Emile Højbjerg,Left Defensive Midfield,"[36.2, 25.8]",0.0,True,"['180c9916-bc3f-4ccb-b6df-af6576a77c43', 'e419ed91-b569-415d-82d0-7a5880b5100e']",3930171,776,776,3570,
130,e7cd3c0b-28d4-4b71-963a-cebbfafda426,2244,2,00:03:56.909,48,56,Dispossessed,71,Denmark,Regular Play,England,Jude Bellingham,Center Attacking Midfield,"[82.9, 53.1]",0.0,True,"['a56c055a-76a9-446a-8504-e574b6cd49b2', 'f29d88c0-0201-400d-a532-fd255bf3315f']",3930171,776,768,30714,
131,67b58a6e-3521-4fa1-bb56-03e69f829101,2347,2,00:05:21.282,50,21,Dispossessed,72,England,Regular Play,England,Phil Foden,Left Wing,"[114.5, 26.6]",0.0,True,['01562deb-2227-4af2-835c-ecf8851d0189'],3930171,768,768,4354,
132,00783537-3d69-4e16-ad43-a39d73299dd7,2740,2,00:15:53.185,60,53,Dispossessed,88,Denmark,Regular Play,England,Conor Gallagher,Right Defensive Midfield,"[56.4, 54.3]",0.0,True,['463863d5-1339-42b3-af8f-eb4f39c03b48'],3930171,776,768,29399,
133,2f5d82b3-f201-4c19-9087-399ce134ff07,2822,2,00:17:44.805,62,44,Dispossessed,89,Denmark,From Free Kick,Denmark,Mikkel Damsgaard,Right Wing,"[111.2, 60.6]",0.0,True,['14048966-4477-417e-ba87-60d4ae4f9726'],3930171,776,776,24443,
134,6e1494e6-52b6-4f22-bd5f-0c3741d0ba92,2940,2,00:19:38.913,64,38,Dispossessed,93,England,Regular Play,Denmark,Morten Hjulmand,Right Defensive Midfield,"[40.9, 27.8]",0.0,True,"['6ba1eb07-448a-4eb6-9378-64243c8830f8', 'f2548643-c0a8-4484-bcad-4c976f608dc1', 'f2ec0ffa-b651-4ae0-8ac0-dd0c224a50fb']",3930171,768,776,8621,
135,c05e0b30-545a-437b-94fa-256d4dbe06a1,3023,2,00:22:31.201,67,31,Dispossessed,99,Denmark,Regular Play,Denmark,Pierre-Emile Højbjerg,Left Defensive Midfield,"[91.5, 71.4]",0.0,True,"['1dc2915f-323c-4e57-925c-0bb27db1122a', 'a9cedefa-20fc-4c4b-82a0-6d0db433e49d']",3930171,776,776,3570,
136,748aed5e-62b6-4964-9be2-144d01cf612e,3582,2,00:39:02.715,84,2,Dispossessed,128,England,From Goal Kick,Denmark,Jannik Vestergaard,Center Back,"[104.8, 23.3]",0.0,True,['4f47029a-4d4f-443e-ad81-b22bdb0d7948'],3930171,768,776,8815,
137,5b344a70-3483-4c28-b64f-42d214ab8130,504,1,00:09:56.623,9,56,Dispossessed,14,Switzerland,From Throw In,Switzerland,Breel-Donald Embolo,Center Forward,"[111.6, 59.1]",0.0,True,['a421e6fa-ef34-42b0-bc49-2edd76530cc0'],3942227,773,773,5545,
138,a44bc9b4-7b5d-48af-a244-5d7b82d543ae,784,1,00:16:53.628,16,53,Dispossessed,21,Switzerland,Regular Play,Switzerland,Breel-Donald Embolo,Center Forward,"[45.5, 52.4]",0.0,True,['dbd05697-5c6e-491c-a6f2-7b7897813c7f'],3942227,773,773,5545,
139,4523a4f7-6e8e-4d92-9af5-e76570e966ee,862,1,00:18:59.817,18,59,Dispossessed,25,England,From Free Kick,England,Bukayo Saka,Right Wing Back,"[99.3, 75.8]",0.0,True,['6c90bcef-1b54-42e9-8fdb-a8303808f2ba'],3942227,768,768,22084,
140,1a67207f-fce2-4af0-9127-e751d86680f3,1035,1,00:24:11.097,24,11,Dispossessed,36,Switzerland,Regular Play,England,Harry Kane,Center Forward,"[22.0, 40.8]",0.0,True,['6a7620da-ee7c-4048-9f0d-703e3f3f7253'],3942227,773,768,10955,
141,1669e26f-02c7-4d82-aca3-75cbb3672174,1144,1,00:26:14.313,26,14,Dispossessed,38,England,From Free Kick,Switzerland,Fabian Lukas Schär,Right Center Back,"[78.4, 78.7]",0.0,True,['c165075b-d984-4091-b4f0-ebd6173ec67f'],3942227,768,773,5537,
142,467f441f-0dd7-4186-84a4-be9b17fc02ec,1288,1,00:30:00.504,30,0,Dispossessed,43,England,From Corner,England,Kieran Trippier,Left Wing Back,"[76.6, 72.6]",0.0,True,['58cc155a-e94b-43b6-9e45-a065b6db08f3'],3942227,768,768,3308,
143,7c16f2d6-d917-4fae-b84b-4a8352906d33,1439,1,00:34:07.428,34,7,Dispossessed,47,Switzerland,From Free Kick,Switzerland,Remo Freuler,Right Defensive Midfield,"[73.6, 64.5]",0.0,True,['fc0fbc27-7363-485c-9f7e-4a47f1237cf7'],3942227,773,773,6983,
144,2144aea2-3407-4319-8ac5-34082c4a0d31,1577,1,00:37:41.290,37,41,Dispossessed,53,Switzerland,From Throw In,Switzerland,Breel-Donald Embolo,Center Forward,"[63.9, 13.3]",0.0,True,['d31b1a38-c4f0-470f-86f0-394afafd2fe9'],3942227,773,773,5545,
145,6b8100b2-2ba6-4a2e-99ca-56aa069c7cba,2104,2,00:02:28.181,47,28,Dispossessed,62,England,Regular Play,England,Declan Rice,Left Defensive Midfield,"[102.6, 4.0]",0.0,True,['25cc1251-27ab-4e93-985b-5281ac6ef731'],3942227,768,768,3943,
146,91b0643c-d4b2-41a0-91cd-a20c7f44dcc2,2367,2,00:09:16.230,54,16,Dispossessed,76,Switzerland,Regular Play,Switzerland,Granit Xhaka,Left Defensive Midfield,"[85.1, 25.2]",0.0,True,['4cf1bc57-2827-4fc1-bd15-dafcc1479723'],3942227,773,773,3500,
147,56f035a2-2352-4b2c-aff0-2ecd7c3eeccb,2555,2,00:15:36.939,60,36,Dispossessed,90,Switzerland,From Throw In,Switzerland,Fabian Rieder,Right Attacking Midfield,"[49.4, 76.1]",0.0,True,['d2a04c43-1935-4114-b3cd-34caad32fa89'],3942227,773,773,50436,
148,ffc8f047-353d-49ae-9a21-0a871fc0a99c,2565,2,00:15:47.048,60,47,Dispossessed,91,Switzerland,From Throw In,Switzerland,Dan Ndoye,Right Wing Back,"[96.1, 77.6]",0.0,True,"['381346ef-b154-46e5-9619-a1a13d5e770b', '951e871b-991e-4fdc-8244-9915aa755ce8']",3942227,773,773,45190,
149,3c8aa85d-833f-4dda-89c9-94fda9e42892,2651,2,00:17:28.375,62,28,Dispossessed,92,England,From Counter,England,Kobbie Mainoo,Right Defensive Midfield,"[34.8, 49.6]",0.0,True,['66768bd9-67d4-4bd4-a12b-d9971053514f'],3942227,768,768,99174,
150,9a1d9163-a5fa-4232-86b5-3d75b36f40e3,2723,2,00:20:27.322,65,27,Dispossessed,94,Switzerland,From Goal Kick,Switzerland,Fabian Lukas Schär,Right Center Back,"[75.9, 72.2]",0.0,True,['4eafd0d6-8b01-4db2-9d9c-898cf8510291'],3942227,773,773,5537,
151,a76e66d2-1b2b-4ea0-8acf-cd965d5d9f32,2894,2,00:24:26.713,69,26,Dispossessed,98,Switzerland,Regular Play,Switzerland,Dan Ndoye,Right Attacking Midfield,"[110.3, 7.7]",0.0,True,['8bdafff4-469e-4295-8d48-562b4d4e56b0'],3942227,773,773,45190,
152,2453e97a-7be3-4bbe-ae07-44e502d6d4f7,3144,2,00:32:07.865,77,7,Dispossessed,107,Switzerland,Regular Play,Switzerland,Granit Xhaka,Left Defensive Midfield,"[64.2, 59.4]",0.050826,True,['ebd71970-d5b4-431e-9340-e6665beda587'],3942227,773,773,3500,
153,58ceefb7-0d0a-441f-80a0-98eee373b454,3240,2,00:36:13.373,81,13,Dispossessed,111,Switzerland,From Kick Off,Switzerland,Fabian Lukas Schär,Right Center Back,"[90.8, 34.7]",0.0,True,['444126f1-5909-45aa-8050-1e5cdfce9d1f'],3942227,773,773,5537,
154,75988822-7808-4b38-80de-f8ca56746fd9,3998,3,00:07:11.916,97,11,Dispossessed,136,Switzerland,Regular Play,Switzerland,Ricardo Iván Rodríguez Araya,Left Center Back,"[101.2, 8.0]",0.0,True,['53a9fb73-84c5-4f55-a9e5-bd600e020ef6'],3942227,773,773,5544,
155,70c03232-55bf-4002-bbe0-6ca5578f6690,4103,3,00:10:30.321,100,30,Dispossessed,139,England,From Free Kick,England,Harry Kane,Center Forward,"[74.9, 18.7]",0.0,True,['3fbf08f2-1c1a-4350-936e-47ea52107e4d'],3942227,768,768,10955,
156,10b14488-20c0-4020-bc4d-21a49fcf785c,4206,3,00:12:54.223,102,54,Dispossessed,141,Switzerland,From Keeper,Switzerland,Steven Zuber,Left Attacking Midfield,"[86.5, 27.7]",0.0,True,['becce2e6-068f-4ad5-b9cc-84e5fc978d0e'],3942227,773,773,5548,
157,6a14ba47-ea8b-4804-a925-3052db9049aa,4373,4,00:02:17.796,107,17,Dispossessed,147,Switzerland,Regular Play,Switzerland,Ricardo Iván Rodríguez Araya,Left Center Back,"[109.5, 1.9]",0.0,True,['2355ac3f-5ef0-42ef-8d00-720c4f6a8bb0'],3942227,773,773,5544,
158,9d4e1296-b51a-4636-81ac-f82779cf148b,4645,4,00:08:45.725,113,45,Dispossessed,153,England,Regular Play,England,Bukayo Saka,Right Wing Back,"[62.6, 79.3]",0.0,True,"['08f00c53-4473-42be-9cde-e4c6b0510d53', '3a8d6d17-34af-4508-847f-041a6dd95dc9']",3942227,768,768,22084,
159,e4955e1b-e618-4c0b-92b3-9047c05c3570,4730,4,00:12:01.744,117,1,Dispossessed,157,England,Regular Play,England,Eberechi Eze,Left Attacking Midfield,"[73.3, 11.0]",0.0,True,['81b11b8a-9103-43e8-83d0-c6f009097de3'],3942227,768,768,9000,
318,81bdc0af-7651-42fc-80db-c4ed16135b0d,55,1,00:01:04.590,1,4,Dispossessed,3,England,From Throw In,England,Harry Kane,Center Forward,"[62.2, 44.0]",0.0,True,['31180c77-0dfd-4471-b130-a3b990bbd3e5'],3941017,768,768,10955,
319,0b9c70b2-d0d8-40e8-8915-61fde239bacf,265,1,00:05:55.388,5,55,Dispossessed,10,England,From Goal Kick,England,Jude Bellingham,Center Attacking Midfield,"[104.2, 55.4]",0.0,True,['6a16d560-73f3-479d-8648-88a706d3464c'],3941017,768,768,30714,
320,b36a1f32-17d4-42b1-8b1c-f1f9f6f3d3da,407,1,00:09:26.424,9,26,Dispossessed,13,Slovakia,From Goal Kick,England,Jude Bellingham,Center Attacking Midfield,"[83.8, 13.4]",0.0,True,['f511164c-f966-45fe-b8d2-c47881fc084d'],3941017,908,768,30714,
321,bdbd0f22-2fba-4e19-8a73-ce21a95dff77,845,1,00:19:29.355,19,29,Dispossessed,27,Slovakia,Regular Play,Slovakia,Juraj Kucka,Right Center Midfield,"[80.1, 50.3]",0.0,True,['69b116b5-7c61-431b-8af7-d2e5b710927a'],3941017,908,908,10919,
322,d713b65a-f011-4d49-b055-36ef46a555e1,908,1,00:20:59.348,20,59,Dispossessed,29,England,From Throw In,England,Bukayo Saka,Right Wing,"[60.1, 74.8]",0.0,True,['3d2b8490-c0fb-45d3-8a0c-f818591ba0c6'],3941017,768,768,22084,
323,41270d8c-2d5b-474f-97be-20040fd0c49e,959,1,00:21:51.883,21,51,Dispossessed,31,England,Regular Play,England,Phil Foden,Left Wing,"[114.0, 6.8]",0.0,True,['14c62efe-c533-42ee-99bc-696a6755f7e1'],3941017,768,768,4354,
324,78e03108-3de7-4953-8b6f-3d0cadb93025,1195,1,00:29:09.526,29,9,Dispossessed,34,England,From Kick Off,Slovakia,Lukáš Haraslín,Left Wing,"[56.1, 9.4]",0.0,True,"['11cee898-29f7-4986-bc3c-f4ed6619572f', '90b148f3-a757-4f0d-a187-38b60c433c0e']",3941017,768,908,7975,
325,4954efbe-de2b-484d-9f7d-349b1bc69ffb,1240,1,00:29:53.999,29,53,Dispossessed,37,England,Regular Play,England,Declan Rice,Left Defensive Midfield,"[82.3, 15.0]",0.0,True,"['729c42b6-db4a-416f-9d60-38f18a198351', 'a8d69287-8f9f-4e77-b3a4-f0e3bc5435e1']",3941017,768,768,3943,
326,ce714711-1b20-4df8-8864-a292deaa6a1f,1399,1,00:33:03.050,33,3,Dispossessed,43,England,Regular Play,England,Bukayo Saka,Right Wing,"[77.0, 77.0]",0.0,True,['73cbf7fd-e977-40b3-9432-4aa341651448'],3941017,768,768,22084,
327,cafecb47-897d-4ebd-b93d-db788be14e60,1515,1,00:37:16.098,37,16,Dispossessed,48,England,From Throw In,England,Bukayo Saka,Right Wing,"[77.6, 64.3]",0.0,True,['e1f01e40-82b5-4c0a-8ad3-a2c1414af295'],3941017,768,768,22084,
328,5ab44ff8-6925-4061-9afd-23a7017d9767,1524,1,00:37:19.776,37,19,Dispossessed,49,Slovakia,Regular Play,Slovakia,Juraj Kucka,Right Center Midfield,"[44.8, 28.7]",0.0,True,['197adb00-0f9f-4016-9eea-1e542e3c9571'],3941017,908,908,10919,
329,5bb414b7-ed4a-43e0-a77d-d3104e180fce,1952,2,00:02:00.685,47,0,Dispossessed,65,England,From Goal Kick,England,Bukayo Saka,Right Wing,"[67.6, 77.0]",0.0,True,"['0bc4d610-09a6-470c-9411-9cf6e3fd0250', '1a647e99-7214-468b-b316-8d6968939d99']",3941017,768,768,22084,
330,fb4b8b61-5880-4d9f-b798-f4311bc1a1d7,1981,2,00:02:44.116,47,44,Dispossessed,67,Slovakia,From Throw In,Slovakia,Ondrej Duda,Left Center Midfield,"[65.5, 3.2]",0.0,True,"['5753f57f-bdb6-4f66-9880-93199afe74a5', 'b886fbe5-c6f2-4723-9db0-3573f93a460b']",3941017,908,908,8967,
331,6dfd5d22-6319-4c5c-ae62-797fcc9a0d0f,2226,2,00:10:12.220,55,12,Dispossessed,81,England,Regular Play,England,Bukayo Saka,Right Wing,"[72.0, 71.6]",0.0,True,"['09714897-1d66-4bb8-a659-0a830f88fd3a', '32c2cd46-4bf5-4d20-b4bf-919ab1264823']",3941017,768,768,22084,
332,98643a2f-1b3b-4083-8d22-b12591fd8029,2251,2,00:10:37.379,55,37,Dispossessed,81,England,Regular Play,England,Bukayo Saka,Right Wing,"[110.8, 63.3]",0.0,True,['6e1ec1ce-e9c1-4d44-8608-2031986a366d'],3941017,768,768,22084,
333,8669d755-9efd-45b4-8cea-4549ba447623,2500,2,00:19:23.936,64,23,Dispossessed,92,England,From Throw In,England,Jude Bellingham,Center Attacking Midfield,"[54.6, 28.8]",0.0,True,['f71a6ce4-c5ce-4cb4-9d57-0d903c0fca7f'],3941017,768,768,30714,
334,17732b1e-73fa-4e4b-843a-330817dc28bc,2538,2,00:19:48.406,64,48,Dispossessed,93,Slovakia,Regular Play,Slovakia,Róbert Boženík,Center Forward,"[105.2, 40.6]",0.0,True,['b385f64d-77f1-4896-be02-4f787979037f'],3941017,908,908,34904,
335,ff66ac7c-8a08-4e4a-9aa5-02579455e67b,2990,2,00:31:12.329,76,12,Dispossessed,106,England,From Throw In,England,Jude Bellingham,Center Attacking Midfield,"[114.2, 72.9]",0.0,True,['37880dc2-b71e-4edb-a02f-721a52b58c48'],3941017,768,768,30714,
336,a56fb48e-e850-42b3-98ae-c4e3aaa46c04,3153,2,00:36:29.562,81,29,Dispossessed,115,England,Regular Play,England,Kyle Walker,Right Back,"[60.0, 73.3]",0.0,True,['3762cc36-8f59-443d-9636-deff0f48451b'],3941017,768,768,3205,
337,799694fb-f3da-45bb-9dc8-86f00f29c8fa,3250,2,00:38:58.217,83,58,Dispossessed,121,England,From Free Kick,Slovakia,Tomáš Suslov,Left Wing,"[33.9, 18.8]",0.0,True,"['1afc28c4-2fe8-4ef6-b341-c913456e78c1', 'eea2bee9-185f-44f8-ac71-3392bee40357']",3941017,768,908,35653,
338,aeeb0bac-6b9e-4075-93d2-3b13c92d0412,3307,2,00:40:42.296,85,42,Dispossessed,122,England,From Free Kick,England,Cole Palmer,Right Wing,"[100.3, 77.6]",0.0,True,['7773333e-7804-497c-8ed1-3f2434270f8f'],3941017,768,768,39461,
339,50cfbd27-f94c-4889-a34f-e19fe10cc731,3320,2,00:40:57.612,85,57,Dispossessed,123,England,From Throw In,Slovakia,Róbert Boženík,Center Forward,"[38.4, 30.4]",0.0,True,['4a9a6913-bdfd-4481-91aa-2221162c9de1'],3941017,768,908,34904,
340,be0ba8a4-a944-44f2-9465-1a361459b40e,3520,2,00:46:07.494,91,7,Dispossessed,136,England,From Corner,England,Phil Foden,Right Defensive Midfield,"[113.3, 76.1]",0.0,True,['d4cf5380-2615-45c7-a768-e92882823941'],3941017,768,768,4354,
341,96ac3f1d-2ce5-4421-892c-639e58226b7f,3656,2,00:51:53.258,96,53,Dispossessed,143,Slovakia,From Kick Off,England,Harry Kane,Right Center Forward,"[78.8, 24.2]",0.0,True,['772b1fe8-d6b3-4428-a0a8-6b2556524a62'],3941017,908,768,10955,
728,44f1609e-f04e-4d6e-a275-37284b3a6599,206,1,00:04:35.166,4,35,Dispossessed,11,Slovenia,Regular Play,Slovenia,Benjamin Šeško,Left Center Forward,"[92.4, 29.2]",0.0,True,"['437eef1d-4183-4155-b8a6-98707af0df1c', '78963119-dee3-460e-8c17-f0404263f905']",3930181,944,944,38759,
729,d032e750-d547-442b-b953-84d973a35257,1033,1,00:24:33.720,24,33,Dispossessed,40,Slovenia,Regular Play,England,Bukayo Saka,Right Wing,"[74.0, 77.1]",0.0,True,['2a8620cd-062f-4908-af2a-7cd70ff72413'],3930181,944,768,22084,
730,caa83bd0-dc92-42b4-9b8d-dd2eba4b2c8f,1181,1,00:27:51.245,27,51,Dispossessed,46,England,Regular Play,England,Jude Bellingham,Center Attacking Midfield,"[101.4, 45.1]",0.0,True,['1f9b1ecd-4270-4ff6-a4a2-ab14fc7857b8'],3930181,768,768,30714,
731,49b7c876-522f-4548-b4a7-b7c01ba3e9fb,1517,1,00:35:38.285,35,38,Dispossessed,57,England,Regular Play,England,Conor Gallagher,Right Defensive Midfield,"[43.3, 25.8]",0.0,True,['284ff7fa-62c7-42dc-945d-f97aa443bb4b'],3930181,768,768,29399,
732,f7ea1f01-1310-45e8-a731-6611700015f0,2121,2,00:03:30.770,48,30,Dispossessed,71,England,From Throw In,England,Jude Bellingham,Center Attacking Midfield,"[107.6, 51.0]",0.0,True,"['9e9b3ca7-b64b-4b8f-999a-1df31756ea45', 'cee595e7-06cb-43c1-918b-dda01d5ec5f7']",3930181,768,768,30714,
733,3e04c6be-b5f2-4503-9bc1-982cc776df14,2332,2,00:09:06.288,54,6,Dispossessed,83,Slovenia,From Goal Kick,Slovenia,Petar Stojanović,Right Midfield,"[59.3, 69.9]",0.0,True,['f07aa1ec-c573-417e-b58a-095d5e534d22'],3930181,944,944,16528,
734,08dad13f-0dd2-46b2-9cb6-a653a63d86a7,2482,2,00:13:54.462,58,54,Dispossessed,88,England,Regular Play,England,Harry Kane,Center Forward,"[100.5, 57.6]",0.0,True,"['f0a74cf6-d440-4d7e-ba7d-78c4563a99b0', 'f7de8821-6933-4474-8721-3963550b5dde']",3930181,768,768,10955,
735,577f32b1-459d-486d-b2bc-26bf4714485f,2552,2,00:14:42.348,59,42,Dispossessed,88,England,Regular Play,England,Phil Foden,Left Wing,"[94.2, 49.2]",0.0,True,['77fa74ab-93c9-46be-a42a-3b6b6e6b4460'],3930181,768,768,4354,
736,3a6c8300-a53e-4335-819f-f033615372b9,2872,2,00:22:33.527,67,33,Dispossessed,96,England,Regular Play,England,Phil Foden,Left Wing,"[90.6, 33.3]",0.0,True,['9b07422a-55e4-46a5-910d-3ca3a57038bf'],3930181,768,768,4354,
737,e1a91fac-be7f-46a1-9ac7-27a14cf48884,2995,2,00:28:10.909,73,10,Dispossessed,101,England,From Free Kick,England,Cole Palmer,Right Wing,"[106.0, 5.2]",0.0,True,['6f634d62-216d-4384-b888-07e745f23f92'],3930181,768,768,39461,
738,3797c710-943f-454a-906b-111a1120c8ff,3055,2,00:29:09.462,74,9,Dispossessed,102,England,From Throw In,England,Cole Palmer,Right Wing,"[105.7, 2.8]",0.0,True,"['19701822-9df5-491d-af39-300490109296', 'b96e4ea3-ec05-480c-bf5c-616b17ca9b50']",3930181,768,768,39461,
739,600e33d9-9b94-47a3-b55f-191c5f12ca65,3258,2,00:35:04.092,80,4,Dispossessed,112,England,Regular Play,England,Kobbie Mainoo,Right Defensive Midfield,"[99.0, 60.8]",0.0,True,"['5e05813d-1f45-4a2b-97c8-2bffb83c2605', '5f5b49b4-113f-46a8-85a0-d04da687d4c9', 'ae627c41-89f7-4088-b8cb-527b7cdcf91f']",3930181,768,768,99174,
740,add25fa8-7825-41ae-9ee8-b37ec9a7b141,3284,2,00:36:16.674,81,16,Dispossessed,114,England,Other,England,Jude Bellingham,Center Attacking Midfield,"[98.2, 57.0]",0.0,True,"['4685e48b-b019-43af-ac53-c680a4459e5e', '895d6207-0530-444e-93a2-e423b356e420']",3930181,768,768,30714,
741,ead42561-89dd-4eda-826a-77b35d1c6967,3448,2,00:40:40.975,85,40,Dispossessed,123,Slovenia,From Throw In,Slovenia,Žan Karničnik,Right Back,"[68.9, 79.1]",0.0,True,['641a6d35-f9e3-4f09-9fc8-7d94ad0200cf'],3930181,944,944,137487,
742,b91ef090-3a15-414b-99bf-99ac3f25df29,3633,2,00:47:23.796,92,23,Dispossessed,135,Slovenia,From Throw In,Slovenia,Josip Iličić,Left Center Forward,"[79.6, 72.6]",0.0,True,['4606cde7-0f12-4e94-8f04-21ac45b22943'],3930181,944,944,7139,
887,7b098d3c-81f9-4f43-b45a-a492f7f5e732,23,1,00:00:23.182,0,23,Dispossessed,3,Serbia,Regular Play,Serbia,Dušan Vlahović,Right Attacking Midfield,"[88.4, 37.6]",0.0,True,['d761453c-087a-4fc6-adf1-d3674d8396c5'],3930163,786,786,18015,
888,81ca4c7d-083f-457b-aeb6-9161f39dab69,837,1,00:17:17.344,17,17,Dispossessed,23,Serbia,From Counter,Serbia,Aleksandar Mitrović,Center Forward,"[50.6, 15.1]",0.0,True,['8235fe61-716d-4b09-a4a1-51890791fe0b'],3930163,786,786,4269,
889,2f181724-c9ee-4fea-85f6-21af2d6016c8,883,1,00:17:55.563,17,55,Dispossessed,24,Serbia,Regular Play,Serbia,Dušan Vlahović,Right Attacking Midfield,"[61.0, 58.2]",0.0,True,['e034b0a3-fbb2-4714-bdff-70eaef465ae4'],3930163,786,786,18015,
890,7d85eb1f-1ed2-466e-997c-d3924c45d596,1075,1,00:23:00.667,23,0,Dispossessed,33,Serbia,From Goal Kick,Serbia,Filip Kostić,Left Wing Back,"[80.4, 3.6]",0.0,True,['dfe76c40-90cd-4379-8027-8e6db1228d0e'],3930163,786,786,5591,
891,cb5f7482-4742-46a2-9a88-83e1679afdb0,1108,1,00:24:05.134,24,5,Dispossessed,36,Serbia,Regular Play,Serbia,Sergej Milinković-Savić,Left Attacking Midfield,"[72.6, 52.5]",0.0,True,['07ed5adb-7eb7-4cec-a514-b69f169a9084'],3930163,786,786,5589,
892,e27de2a7-c152-4094-96f6-1621527918a7,1626,1,00:36:06.759,36,6,Dispossessed,49,Serbia,From Throw In,Serbia,Dušan Vlahović,Right Center Forward,"[91.3, 55.1]",0.0,True,['d06e00ad-95b5-49c0-a102-4bcdf6fd336c'],3930163,786,786,18015,
893,1cc20f2d-5f48-4c23-a6b1-352282ec558d,2118,2,00:01:18.906,46,18,Dispossessed,63,Serbia,From Kick Off,Serbia,Aleksandar Mitrović,Left Center Forward,"[72.8, 72.0]",0.0,True,"['b1a41c70-04c2-44e0-8a1b-c702b0394b3e', 'e6ca7c0f-0c86-4c02-af37-bd2e988353b7']",3930163,786,786,4269,
894,8b59f513-bbd2-4b36-9dc4-e3da3bdd798f,2122,2,00:01:21.142,46,21,Dispossessed,63,Serbia,From Kick Off,England,Jude Bellingham,Center Attacking Midfield,"[47.3, 9.4]",0.0,True,['1db9776b-d376-456a-a652-c68346db6a7b'],3930163,786,768,30714,
895,33cec92b-9e13-4409-9fd0-55cc4d8f8075,2176,2,00:02:19.260,47,19,Dispossessed,67,England,Regular Play,England,Jude Bellingham,Center Attacking Midfield,"[86.4, 30.5]",0.0,True,['36fff36e-94ef-4af7-a2a9-894f6609e679'],3930163,768,768,30714,
896,173457e8-fdf5-4bae-ac04-dad7c40dbb81,2224,2,00:02:56.153,47,56,Dispossessed,69,England,Regular Play,England,Harry Kane,Center Forward,"[52.0, 64.9]",0.0,True,['9e8acad1-5359-4038-b7f6-8aca221621cf'],3930163,768,768,10955,
897,d3cd593a-5553-48f2-81bd-11c7a043e9db,2368,2,00:05:18.149,50,18,Dispossessed,73,England,Regular Play,England,Trent Alexander-Arnold,Right Defensive Midfield,"[46.5, 46.9]",0.0,True,['280ac296-19b9-41e5-a49a-820f2803926d'],3930163,768,768,3664,
898,ca876467-d2b2-40ec-9482-8d28d2aff494,2372,2,00:05:22.324,50,22,Dispossessed,73,England,Regular Play,Serbia,Saša Lukić,Center Defensive Midfield,"[97.2, 27.0]",0.0,True,['578def8c-b41e-4482-9c1b-f443c4d432ff'],3930163,768,786,6687,
899,7f1e1d12-586c-49db-bbf2-8eb36c5dcbeb,2427,2,00:06:08.367,51,8,Dispossessed,75,Serbia,From Throw In,Serbia,Sergej Milinković-Savić,Left Center Midfield,"[96.9, 64.5]",0.0,True,['09fb54b1-92e7-41ca-a090-4565330801be'],3930163,786,786,5589,
900,b2bfb067-ef4f-42ae-8a40-04922bd6c849,3535,2,00:39:06.411,84,6,Dispossessed,119,England,From Throw In,England,Conor Gallagher,Right Defensive Midfield,"[82.3, 75.3]",0.0,True,['c0d8d204-4510-4ae3-a8a8-5a026fd7891d'],3930163,768,768,29399,
901,b0eaac8a-199a-4047-b55a-c6d44b39f356,3733,2,00:44:05.416,89,5,Dispossessed,127,England,From Goal Kick,England,Harry Kane,Center Forward,"[74.0, 27.5]",0.0,True,"['13d9e29e-cb3a-4b4c-a000-1fc44483fe68', 'ad93e8ab-b247-4898-9b6f-944cce8776ff']",3930163,768,768,10955,
