Unnamed: 0,id,index,period,timestamp,minute,second,type,possession,possession_team,play_pattern,team,player,position,location,duration,under_pressure,related_events,match_id,dribble_outcome,possession_team_id,team_id,player_id,dribble_nutmeg,dribble_overrun,out,dribble_no_touch
0,238f57d8-e404-477e-af41-a07675992d3c,90,1,00:01:44.584,1,44,Dribble,5,England,From Free Kick,England,Kyle Walker,Right Center Back,"[47.3, 59.4]",0.0,True,"['7f29abf9-5ce7-4627-9ccc-3434f8805148', 'ae154c6a-f775-4b23-b059-052bcb6d4732']",3942819,Complete,768,768,3205,,,,
1,11ac2384-a445-4561-b691-9957be6dd287,170,1,00:03:16.327,3,16,Dribble,6,England,From Free Kick,England,Phil Foden,Right Attacking Midfield,"[74.2, 28.6]",0.0,True,"['72bf5aac-89fb-45ed-a131-8871d56cc8e4', 'd3913240-0532-496f-b53f-e90868af23fc']",3942819,Incomplete,768,768,4354,,,,
2,36e46066-8f44-4015-994b-71f1a75be448,353,1,00:08:05.520,8,5,Dribble,12,England,From Kick Off,England,Jude Bellingham,Left Attacking Midfield,"[99.0, 23.9]",0.0,True,['231c2361-d6a2-493e-ada3-b997b7d411bf'],3942819,Incomplete,768,768,30714,,,,
3,70bf293d-3595-470c-822d-df71d3c49efd,1343,1,00:40:23.873,40,23,Dribble,45,England,Regular Play,Netherlands,Cody Mathès Gakpo,Left Wing,"[30.9, 36.7]",0.0,True,"['30a9e25b-3ae9-40a7-9bb8-d5ed5c3cb298', 'bff435ad-4e28-40a1-a1bf-974824e096ea']",3942819,Incomplete,768,941,20750,,,,
4,4aa96064-8c45-4238-b57e-ca247f81ace6,1654,1,00:46:46.809,46,46,Dribble,49,Netherlands,From Keeper,Netherlands,Denzel Dumfries,Right Back,"[100.4, 74.5]",0.0,True,"['0e9fe2f5-a208-430d-9acd-88f0b11ed2c0', 'c8dc3352-6aa0-4b75-b817-7f504fbe7063']",3942819,Incomplete,941,941,8125,,,,
5,8ff61a04-7e4f-46e6-912e-71b2d76be58e,2052,2,00:08:12.804,53,12,Dribble,66,Netherlands,Regular Play,Netherlands,Xavi Simons,Right Wing,"[104.3, 59.2]",0.0,True,"['4b1fc139-abfa-4a8d-9351-59ade444ec4f', 'ba9be752-98a5-44ed-97db-7a83ea9d07a3']",3942819,Incomplete,941,941,39167,,,,
6,331610ef-3770-4aca-8a3f-658727c8d3a4,2130,2,00:10:38.681,55,38,Dribble,71,Netherlands,Regular Play,Netherlands,Nathan Aké,Left Back,"[26.6, 25.0]",0.0,True,"['0364db83-9add-4f76-9d8b-eaf22c0f076c', 'cf221314-66a8-43fd-8969-21eb6bb14852']",3942819,Complete,941,941,3306,,,,
7,f9b2bb2f-7145-4106-80c5-bbcd675f0771,2280,2,00:13:35.665,58,35,Dribble,73,England,From Throw In,England,Harry Kane,Center Forward,"[90.0, 26.9]",0.0,True,['cc07e154-c8eb-45a8-b7ef-5ea42a8e01e3'],3942819,Incomplete,768,768,10955,,,,
8,110cc089-179b-43f5-990d-8eed2c82ce36,2417,2,00:16:35.465,61,35,Dribble,77,England,From Goal Kick,England,Phil Foden,Right Attacking Midfield,"[99.5, 4.3]",0.0,True,"['76600e45-f4e7-40e3-afba-9199998d61c0', 'f258c26f-e90e-4737-afb4-9b93d8b47c74']",3942819,Incomplete,768,768,4354,,,,
9,44096771-0f26-4009-ab59-a44cb085e56b,2539,2,00:21:47.288,66,47,Dribble,86,Netherlands,Regular Play,Netherlands,Wout Weghorst,Center Forward,"[52.6, 29.6]",0.0,True,"['380a19d0-539c-44e0-aeb1-41efb627d6d8', '79861f41-75ca-4128-8626-a16fe3092328']",3942819,Incomplete,941,941,7829,,,,
10,4a1b2556-9f3a-4569-a32a-99c141760b3f,2983,2,00:33:11.173,78,11,Dribble,96,England,From Throw In,Netherlands,Wout Weghorst,Center Forward,"[64.8, 36.3]",0.0,True,['38d43adb-6206-4623-b215-e03f5b88538b'],3942819,Incomplete,768,941,7829,,,,
11,938c7ea5-b7a1-4f90-80eb-3594b45f95c7,3418,2,00:48:19.779,93,19,Dribble,110,Netherlands,From Kick Off,England,Declan Rice,Right Defensive Midfield,"[42.6, 47.9]",0.0,True,"['032a5a12-2f35-4645-aced-6411a8912dd2', '40764e2d-128a-4586-b538-e27f1cee7b8c']",3942819,Complete,941,768,3943,,,,
12,73b54334-29d8-47ef-8fdc-31269256ec07,76,1,00:01:39.129,1,39,Dribble,5,England,Regular Play,England,Luke Shaw,Left Back,"[51.1, 2.4]",0.0,True,['f30cd082-112d-4355-9708-2082263b136b'],3943043,Incomplete,768,768,3382,1.0,,,
13,2fd324ef-d06b-4176-90d1-ffdc0503bc96,358,1,00:07:15.183,7,15,Dribble,13,England,Regular Play,England,Declan Rice,Left Defensive Midfield,"[7.5, 56.7]",0.0,True,"['1e1d7703-5df2-4757-9341-09c7391a774a', '2619bf6a-e71a-4bf3-8702-fa4080dac20a']",3943043,Complete,768,768,3943,,,,
14,b2ac76bc-141b-4165-9d88-cf8a4604f719,650,1,00:16:54.951,16,54,Dribble,27,England,From Corner,England,Phil Foden,Center Attacking Midfield,"[99.5, 46.5]",0.0,True,"['015c81c5-89b3-421c-b0fb-8ac584344dfb', 'f991f620-754c-4443-8df8-9452a7fa00b5']",3943043,Incomplete,768,768,4354,,1.0,,
15,3c14bf5b-951e-4f21-b3ec-c4f84194aff9,743,1,00:19:29.038,19,29,Dribble,32,Spain,From Throw In,England,Declan Rice,Left Defensive Midfield,"[56.2, 38.7]",0.0,True,['e6469587-cbf8-413d-9122-ff038b0342dc'],3943043,Incomplete,772,768,3943,,,,
16,c163462b-fc02-4834-89b4-6b24b21eef9d,931,1,00:24:15.663,24,15,Dribble,40,England,From Free Kick,England,Luke Shaw,Left Back,"[104.3, 20.0]",0.0,True,['6b092b89-fce7-43c2-ac4d-09a3c9cc263d'],3943043,Complete,768,768,3382,,,,
17,51a2d0af-8990-414e-a592-f1016eaed001,996,1,00:26:42.247,26,42,Dribble,43,Spain,From Free Kick,Spain,Lamine Yamal Nasraoui Ebana,Right Wing,"[76.9, 74.0]",0.0,True,"['99005a1a-99db-4a0d-b66c-db38acaa4b05', 'cbce8a0a-0d73-43a0-9933-37928e9a9578']",3943043,Incomplete,772,772,316046,,,,
18,24b56be9-113d-4bd7-8f8d-5b486f64dc05,1101,1,00:28:49.388,28,49,Dribble,47,Spain,From Throw In,Spain,Fabián Ruiz Peña,Left Defensive Midfield,"[14.2, 74.4]",0.0,True,"['d5939001-1da7-4282-ae80-0f0c45cc4a0c', 'ed2e7309-6c33-4f13-b18b-fceefb2419f2']",3943043,Complete,772,772,6655,,,,
19,13c172d3-e22e-4244-95f8-4ffca5f11e5b,1332,1,00:35:54.537,35,54,Dribble,58,Spain,From Corner,Spain,Nicholas Williams Arthuer,Left Wing,"[103.8, 6.2]",0.0,True,['76aaf102-0562-40f3-9c52-1c6599a14ad0'],3943043,Complete,772,772,68574,,,,
20,f10524ef-ad5a-4815-bb2a-5f65f4cf19c9,1394,1,00:37:38.903,37,38,Dribble,60,Spain,Regular Play,England,Jude Bellingham,Left Wing,"[32.8, 19.6]",0.0,True,['6883c0f6-7642-492d-981c-70e167e88dc5'],3943043,Complete,772,768,30714,1.0,,,
21,fa7c8485-5583-4029-958e-47167cfc64d4,1452,1,00:38:50.802,38,50,Dribble,62,Spain,Regular Play,Spain,Nicholas Williams Arthuer,Left Wing,"[69.0, 5.3]",0.0,True,['c38b64ac-199e-4091-aeb9-e7f5edf36cde'],3943043,Incomplete,772,772,68574,,,,
22,e08b3a14-ff4e-423b-9d0a-9dad7a0718ed,1635,1,00:42:22.916,42,22,Dribble,69,Spain,Regular Play,Spain,Álvaro Borja Morata Martín,Center Forward,"[110.6, 26.5]",0.0,True,['e1d6d2fc-b714-451d-83d0-2b920f6f716a'],3943043,Incomplete,772,772,3477,,,,
23,3ccdf3ea-3bd2-42d0-bcb9-73186b3ea4ce,1649,1,00:43:08.788,43,8,Dribble,71,England,Regular Play,England,Kobbie Mainoo,Right Defensive Midfield,"[3.3, 3.7]",0.0,True,"['4fe6ec8e-ff05-4a0e-95f5-6a716bac777a', '936fb112-d828-43d6-9c3a-ce58610afd4c']",3943043,Incomplete,768,768,99174,,,,
24,88eefdf0-cbee-4b78-9206-94baaa9be466,1876,2,00:04:17.993,49,17,Dribble,85,Spain,Regular Play,Spain,Daniel Carvajal Ramos,Right Back,"[52.6, 70.3]",0.0,True,"['08b94b0b-c68c-4b71-a5fb-400a93a43be0', '1fb2a4e8-2e3b-4ef3-bd9e-884c20943a5a']",3943043,Complete,772,772,5721,,,,
25,be987a2f-4e5e-4e48-b20e-6bcde868fcd1,2082,2,00:09:04.710,54,4,Dribble,91,Spain,From Free Kick,Spain,Daniel Carvajal Ramos,Right Back,"[72.0, 74.1]",0.0,True,"['83a6ba9b-c88d-43b9-88ee-8c547e10fb3b', 'f958714c-e398-448c-a86a-efccae5ccf73']",3943043,Incomplete,772,772,5721,,,,
26,42ae0284-cde0-4440-a93e-309e1827cfa8,2217,2,00:12:09.413,57,9,Dribble,95,Spain,From Throw In,Spain,Lamine Yamal Nasraoui Ebana,Right Wing,"[73.4, 73.6]",0.0,True,['453dc113-8380-4ecb-b0c7-2428ec16368e'],3943043,Incomplete,772,772,316046,,,,
27,dc813cd1-ab8f-4601-9b72-d609af0f69f1,2352,2,00:14:42.327,59,42,Dribble,98,England,Regular Play,England,Kobbie Mainoo,Right Defensive Midfield,"[93.1, 69.1]",0.0,True,"['09734baa-3244-46d0-927b-a526a341a0c9', '2d06b6d7-193e-4247-b097-501073c52907']",3943043,Incomplete,768,768,99174,,1.0,,
28,4c33fb9d-50c4-4e3e-911e-529f91db51a9,2358,2,00:14:47.696,59,47,Dribble,98,England,Regular Play,England,Kobbie Mainoo,Right Defensive Midfield,"[105.0, 74.6]",0.0,True,"['cf118a96-7358-485e-9d85-f81447d818bc', 'd241d754-c431-4293-98fa-9ed716c62e2e']",3943043,Incomplete,768,768,99174,,,,
29,b8caf9af-6e9c-4f1d-a229-9517d4ef1693,2627,2,00:25:29.590,70,29,Dribble,112,England,From Throw In,England,Bukayo Saka,Right Wing,"[85.9, 67.1]",0.0,True,['2e840ee1-0128-4298-928c-770da4855250'],3943043,Incomplete,768,768,22084,,,,
30,2f79600b-6fab-43af-bc2f-b02f0cf55cb4,2684,2,00:26:45.806,71,45,Dribble,115,Spain,From Counter,Spain,Martín Zubimendi Ibáñez,Right Defensive Midfield,"[63.6, 39.9]",0.0,True,['7e192d21-49f0-4fad-9868-257f35ce2730'],3943043,Complete,772,772,24921,,,,
31,c52b62e6-25b4-4204-87ac-fb89201bbca2,2786,2,00:29:49.129,74,49,Dribble,121,England,From Throw In,England,Cole Palmer,Center Attacking Midfield,"[107.6, 71.6]",0.0,True,['0c1d77fc-19fe-48d4-909c-280b6fbf2458'],3943043,Incomplete,768,768,39461,,,,
32,b7f814fd-1119-4a97-a794-ad2f6aabf227,3060,2,00:37:09.913,82,9,Dribble,130,Spain,From Throw In,Spain,Nicholas Williams Arthuer,Left Wing,"[99.7, 13.3]",0.0,True,['9ef93ed2-4095-4cb8-8010-5ede3d539e12'],3943043,Incomplete,772,772,68574,,,,
33,9f9edf53-241b-4a42-9bc6-19c9afe42cc4,3064,2,00:37:11.544,82,11,Dribble,131,England,Regular Play,England,Kyle Walker,Right Back,"[27.8, 67.9]",0.0,True,['9166a1ad-8079-48d9-a986-b92fc74b2ab4'],3943043,Incomplete,768,768,3205,,,,
34,0ef012df-0de4-44b0-9e16-f15cdb3f03fb,3144,2,00:39:03.044,84,3,Dribble,133,Spain,Regular Play,Spain,Daniel Olmo Carvajal,Center Attacking Midfield,"[101.2, 51.0]",0.0,True,['e8481c82-ef6d-4f2b-872f-c9809bbbe0aa'],3943043,Incomplete,772,772,16532,,,,
35,067299ff-8e76-4411-8d6d-1753217df6e4,3177,2,00:40:07.360,85,7,Dribble,135,England,From Keeper,England,Kyle Walker,Right Back,"[37.0, 65.4]",0.0,True,['8061c5ef-2c0f-4823-b660-eb9d720d7c2a'],3943043,Complete,768,768,3205,,,,
151,2d79c8b7-52de-4b8b-8446-46eb30b4a9c9,66,1,00:01:09.535,1,9,Dribble,5,England,From Keeper,England,Bukayo Saka,Right Wing,"[75.3, 76.5]",0.0,True,['80532adb-8d36-4f93-b11b-ea757012dc62'],3930171,Incomplete,768,768,22084,,,,
152,c65fcc37-f513-4a65-9a54-89076b67225e,619,1,00:12:41.022,12,41,Dribble,18,England,From Free Kick,England,Phil Foden,Left Wing,"[96.6, 53.2]",0.0,True,['fd2c45cf-61bc-4c2d-bc72-8c708580756a'],3930171,Complete,768,768,4354,,,,
153,9fb58954-c5b1-48af-90f3-0d610c2ca535,791,1,00:16:17.456,16,17,Dribble,26,England,From Counter,England,Phil Foden,Left Wing,"[78.5, 6.3]",0.0,True,['1a06d81e-73d2-4a27-a9a7-ee70e402bd9e'],3930171,Complete,768,768,4354,,,,
154,80a8e38d-d17f-4fa2-b5f0-1a7783f97ff3,982,1,00:20:54.590,20,54,Dribble,27,Denmark,From Kick Off,Denmark,Joakim Mæhle,Right Wing Back,"[94.1, 66.7]",0.0,True,['90155d6c-9183-4b97-aec3-59f81976c6ef'],3930171,Complete,776,776,16554,,,,
155,5baf6c83-f4dd-4d77-b87f-4323f37b8861,984,1,00:20:55.302,20,55,Dribble,27,Denmark,From Kick Off,Denmark,Joakim Mæhle,Right Wing Back,"[97.6, 61.9]",0.0,True,['3d191d52-daa0-4270-aac5-7b83053bf5f7'],3930171,Incomplete,776,776,16554,,,,
156,bf85a9cc-efed-48f6-ab3b-e16010bb98e1,1183,1,00:25:31.140,25,31,Dribble,37,Denmark,From Keeper,Denmark,Pierre-Emile Højbjerg,Left Defensive Midfield,"[96.2, 74.7]",0.0,True,['d5092e00-de1e-4adf-9c5a-c9371baf442d'],3930171,Incomplete,776,776,3570,,,,
157,c5c2e783-5a74-4b20-b772-7fe9eb4a1665,1356,1,00:29:37.992,29,37,Dribble,41,England,Regular Play,England,Jude Bellingham,Center Attacking Midfield,"[41.9, 58.0]",0.0,True,['ad47208f-5ed9-4500-bf54-197a59d83473'],3930171,Incomplete,768,768,30714,,,,
158,d4cf1789-3364-44d8-ab60-35022be7cbba,1666,1,00:40:12.033,40,12,Dribble,55,England,From Goal Kick,England,Phil Foden,Left Wing,"[73.2, 39.0]",0.0,True,['0f5fd6ec-65b0-41da-b134-819efc1567f9'],3930171,Complete,768,768,4354,,,,
159,7778edb4-1b03-41b3-835c-8a02f68e482d,2360,2,00:05:33.704,50,33,Dribble,72,England,Regular Play,England,Jude Bellingham,Center Attacking Midfield,"[110.6, 22.6]",0.0,True,['bd987f08-28cc-4acb-a4ff-bd65ef6071a3'],3930171,Complete,768,768,30714,,,,
160,49957202-e1a8-4d59-b1b1-4a36f32464a3,2510,2,00:09:20.968,54,20,Dribble,77,England,From Free Kick,England,Jude Bellingham,Center Attacking Midfield,"[55.1, 45.9]",0.0,True,['a905416c-0ab4-4e8d-bc4c-df8b92c8dc93'],3930171,Complete,768,768,30714,,,,
161,f64b250a-9c7b-442c-9f32-1893ce043eae,2649,2,00:13:19.813,58,19,Dribble,83,England,Regular Play,England,Bukayo Saka,Right Wing,"[99.2, 62.0]",0.0,True,['a6f27d48-e985-40fd-bb36-774390139a58'],3930171,Complete,768,768,22084,,,,
162,691ebac8-447f-4839-82fd-a02846f1402b,2696,2,00:14:30.556,59,30,Dribble,85,England,Regular Play,England,Bukayo Saka,Right Wing,"[99.7, 64.5]",0.0,True,['fb0fe686-9ee4-439d-b88c-e335f0e8610c'],3930171,Complete,768,768,22084,,,,
163,c7af8141-8af5-4f84-99bc-b179e77ba4ce,2918,2,00:19:25.415,64,25,Dribble,93,England,Regular Play,England,Jude Bellingham,Center Attacking Midfield,"[87.8, 57.6]",0.0,True,['98af706e-e572-4e21-9c9a-1c8232aa2d85'],3930171,Complete,768,768,30714,,,,
164,2b0fd1d4-c69a-410c-aa38-a21b0e4e0e6b,2935,2,00:19:35.494,64,35,Dribble,93,England,Regular Play,Denmark,Morten Hjulmand,Right Defensive Midfield,"[36.8, 29.7]",0.0,True,"['45c7ebc5-9706-4cfc-88ac-c4f50b8da578', 'add18934-76bb-4655-8eef-5853fb14b037']",3930171,Complete,768,776,8621,,,,
165,2a846bdc-ad9c-43ff-b184-ce4cf3284162,3108,2,00:25:22.076,70,22,Dribble,101,England,From Free Kick,England,Jarrod Bowen,Right Wing,"[96.5, 79.6]",0.0,True,"['d5fd8fde-24f9-4870-93c4-a8fc4211728c', 'f925e297-6440-42bd-afb9-92620e040517']",3930171,Incomplete,768,768,9640,,,,
166,272bd42f-da54-42cf-8b0a-a37f159c80cc,3239,2,00:28:27.455,73,27,Dribble,107,England,Regular Play,England,Ollie Watkins,Center Forward,"[91.2, 52.4]",0.0,True,['7f9f82b0-65eb-4dcd-b746-eec320b415fc'],3930171,Incomplete,768,768,4760,,,,
167,c7019620-e147-420e-8edc-10a6d9c410fd,3559,2,00:37:47.560,82,47,Dribble,126,Denmark,Regular Play,England,Marc Guehi,Left Center Back,"[37.2, 17.6]",0.0,True,['28302f03-bb13-48fe-98a4-c1729de09490'],3930171,Incomplete,776,768,34526,,,,
168,fef9826f-1f26-4d44-91c8-6cb81b621d10,3670,2,00:41:41.087,86,41,Dribble,136,England,From Free Kick,England,Jarrod Bowen,Right Wing,"[81.2, 58.5]",0.0,True,['5a64a8a2-ff3d-484f-82c2-49ac22559e19'],3930171,Incomplete,768,768,9640,,,,
169,6638556c-987f-471d-b372-77f2c9b0e9a9,3823,2,00:46:52.442,91,52,Dribble,146,Denmark,Regular Play,Denmark,Joakim Mæhle,Left Wing Back,"[31.7, 6.1]",0.0,True,"['503b5054-24e9-43f6-a604-d7d84ed58737', 'ebee066b-9247-43e8-826f-270a3a6756f3']",3930171,Complete,776,776,16554,,,,
170,7a26495a-a33a-495a-bc98-ac96b285a920,126,1,00:02:44.600,2,44,Dribble,7,Switzerland,From Throw In,Switzerland,Dan Ndoye,Right Wing Back,"[55.5, 78.9]",0.0,True,['ad31a3a4-00c4-48bd-83c3-cb7fce477dc1'],3942227,Complete,773,773,45190,,,,
171,7fc684e7-2b3b-4520-bf05-615217e064f4,226,1,00:04:58.781,4,58,Dribble,10,England,From Throw In,England,Kyle Walker,Right Center Back,"[37.9, 77.0]",0.0,True,"['949329cd-2522-4aa5-ae97-9ee307d66b95', 'b5b67ead-04e4-4273-aad7-b22305d7f75b']",3942227,Incomplete,768,768,3205,,,,
172,b6c03c86-5a30-425b-8d6e-005d86feda59,363,1,00:07:37.017,7,37,Dribble,13,Switzerland,From Free Kick,Switzerland,Dan Ndoye,Right Wing Back,"[92.8, 77.5]",0.0,True,['4abb79b3-5322-4ccc-aa74-955e69ec5d17'],3942227,Complete,773,773,45190,,,,
173,0d44a842-636d-4a08-bccd-4d02e8a0ff02,619,1,00:12:16.587,12,16,Dribble,15,England,From Goal Kick,England,Bukayo Saka,Right Wing Back,"[85.2, 75.8]",0.0,True,"['9923e43e-1daa-41bb-ad16-d528c252086c', 'c2d79bf5-e475-459e-a3f4-d7e642a8644b']",3942227,Complete,768,768,22084,,,,
174,fe5fc557-9058-49da-9c4b-67af82d1b3ee,676,1,00:13:02.126,13,2,Dribble,15,England,From Goal Kick,England,Bukayo Saka,Right Wing Back,"[107.0, 69.5]",0.0,True,"['6ef4e1f9-cdb0-4435-a781-a0131957b0f6', '99f789c5-b6e1-49af-b0cb-1fcef83f9ed1']",3942227,Complete,768,768,22084,,,,
175,bdf68704-8eda-4720-9cc3-d12403e02dd5,1207,1,00:27:21.151,27,21,Dribble,39,England,From Throw In,England,Bukayo Saka,Right Wing Back,"[112.9, 60.5]",0.0,True,"['15e656c5-de65-448f-80bd-14fc883d7796', 'ec1c4f93-8be9-4d7f-bd0b-a7165df3ff79']",3942227,Complete,768,768,22084,,,,
176,70617fa0-2faf-484c-9c69-3a3794be2917,1482,1,00:35:33.858,35,33,Dribble,50,England,Regular Play,England,Jude Bellingham,Left Attacking Midfield,"[79.6, 3.2]",0.0,True,"['1a093d25-b843-4365-aeb2-ad68cd424f18', '1e2a2306-5745-4e2a-9950-fb9d3d0e0566']",3942227,Complete,768,768,30714,,,,
177,07b5a0c0-9f1b-4bb2-87f9-f4873548c756,1486,1,00:35:35.043,35,35,Dribble,50,England,Regular Play,England,Jude Bellingham,Left Attacking Midfield,"[78.3, 7.1]",0.0,True,"['03bdceeb-679a-4ab1-9d26-38ec13883a7f', '07ea58ad-4d8d-411a-aa20-37ff229e570d']",3942227,Complete,768,768,30714,,,,
178,0ec004c3-83f4-4d53-97bf-5822ffab2b2a,1583,1,00:37:42.866,37,42,Dribble,53,Switzerland,From Throw In,England,Phil Foden,Right Attacking Midfield,"[63.1, 73.6]",0.0,True,['4e04283a-8393-47c5-b640-aa8452150faa'],3942227,Incomplete,773,768,4354,,1.0,1.0,
179,2419848e-67b8-4730-8dc7-d93e9cf8d8f8,1596,1,00:38:04.539,38,4,Dribble,54,Switzerland,From Throw In,England,Phil Foden,Right Attacking Midfield,"[54.8, 69.9]",0.0,True,"['57d7b3f8-d056-4ca0-8741-37df817613d5', 'b157dc08-6f79-46ce-8be3-04c714c279c5']",3942227,Complete,773,768,4354,,,,
180,354abedd-a63a-4378-8efc-a4bf269e35c3,1600,1,00:38:04.849,38,4,Dribble,54,Switzerland,From Throw In,England,Phil Foden,Right Attacking Midfield,"[55.2, 69.5]",0.0,True,"['2eb8da1c-5e29-4a24-9675-30ed07abe510', '4abd4695-e9fc-4b83-894c-8da94f5590b7']",3942227,Complete,773,768,4354,,,,
181,e367a505-5057-4205-907d-6ee99004f22d,1627,1,00:38:23.442,38,23,Dribble,54,Switzerland,From Throw In,Switzerland,Dan Ndoye,Right Wing Back,"[111.5, 73.2]",0.0,True,['19eaa7d5-6ea2-4e86-bcf9-8a392c7f0876'],3942227,Incomplete,773,773,45190,,1.0,1.0,
182,6a8b0323-a192-4cf9-a65e-5425dfa52b00,1918,1,00:44:05.160,44,5,Dribble,58,England,From Throw In,England,Bukayo Saka,Right Wing Back,"[115.3, 58.7]",0.0,True,"['341d1915-421c-4af4-92c8-0e46b21362ce', '4811c9f7-28ad-4b42-be81-9d1b408ff349']",3942227,Complete,768,768,22084,,,,
183,11652824-47b5-4f8e-b426-d89a10da92b6,2018,2,00:01:11.529,46,11,Dribble,62,England,Regular Play,England,Jude Bellingham,Left Attacking Midfield,"[56.9, 19.1]",0.0,True,"['77871c4d-1170-4a7e-9ef5-70a7174475db', 'd1c6dd84-0377-4b5f-a883-feb34e23e994']",3942227,Complete,768,768,30714,,,,
184,2998c1eb-b144-43b8-95cf-e4d90c54e047,2027,2,00:01:21.095,46,21,Dribble,62,England,Regular Play,Switzerland,Dan Ndoye,Right Wing Back,"[20.9, 54.9]",0.0,True,['8a6aec95-b131-4be7-902f-84ac61e2d1f3'],3942227,Incomplete,768,773,45190,1.0,,,
185,c3cf9488-af66-4da5-97b6-44a51e74c6c7,2900,2,00:24:28.782,69,28,Dribble,99,England,Regular Play,England,Phil Foden,Right Attacking Midfield,"[17.2, 75.6]",0.0,True,"['4152942f-6728-4f05-b10d-b754d41f6f7d', '52389df1-b1c6-4c24-9266-9583587f3720']",3942227,Complete,768,768,4354,,,,
186,6d9f3408-7245-49e2-a898-e8ae79cc4c67,2903,2,00:24:29.220,69,29,Dribble,99,England,Regular Play,England,Phil Foden,Right Attacking Midfield,"[17.3, 75.6]",0.0,True,['c5e8f045-b3b7-42a1-b600-7809c39c489f'],3942227,Incomplete,768,768,4354,1.0,,,
187,39ff6898-fba7-4013-a156-1a8d0e4a260c,3303,2,00:37:45.349,82,45,Dribble,114,England,From Throw In,Switzerland,Granit Xhaka,Left Defensive Midfield,"[16.9, 26.3]",0.0,True,['7ba20dfb-ecfe-45c1-8332-cb601096a16f'],3942227,Complete,768,773,3500,,,,
188,f7a6b1b0-b55f-4415-9f9d-2ab260f4cefb,3459,2,00:41:16.846,86,16,Dribble,118,England,From Free Kick,England,Jude Bellingham,Left Defensive Midfield,"[104.2, 53.8]",0.0,True,['8da6114f-d733-4bd3-9f20-d4b5b293e01f'],3942227,Incomplete,768,768,30714,,,,
189,a0764fde-62a4-4696-b947-67eab2cc0bb8,3902,3,00:05:34.663,95,34,Dribble,134,England,From Corner,England,Cole Palmer,Left Attacking Midfield,"[117.8, 14.6]",0.0,True,['cecf2eec-0c47-4f7c-b128-487d890b9287'],3942227,Incomplete,768,768,39461,1.0,,,
190,2237848f-d05d-423c-9239-7224435006cb,3949,3,00:06:23.423,96,23,Dribble,135,England,From Throw In,England,Cole Palmer,Left Attacking Midfield,"[100.8, 3.1]",0.0,True,"['002fb51a-441e-4806-bd98-bb0ec6b64020', 'ecf5112f-5fb8-4db2-9e8f-c027d8500ed9']",3942227,Incomplete,768,768,39461,,,,
191,e618ecd7-ae97-4ebd-8923-9334da118b81,4066,3,00:09:03.269,99,3,Dribble,138,England,From Counter,England,Eberechi Eze,Left Wing Back,"[48.4, 1.1]",0.0,True,['b48b66ec-2c73-4610-9f09-89c468aa9eb6'],3942227,Complete,768,768,9000,,,,
192,098bd00d-1055-48e5-ae6d-e3fe6b4f467e,4535,4,00:06:22.422,111,22,Dribble,149,England,From Throw In,England,Cole Palmer,Right Attacking Midfield,"[104.6, 54.9]",0.0,True,['36104629-d7b9-407e-83de-a3a04a39cb64'],3942227,Incomplete,768,768,39461,,,,
193,cf5dc422-aac0-4f6c-a55d-2370b69b2fa1,4778,4,00:13:43.997,118,43,Dribble,159,Switzerland,From Free Kick,Switzerland,Steven Zuber,Left Wing Back,"[103.5, 15.1]",0.0,True,['1ed4904b-97ab-4026-be2e-0ac71805aab9'],3942227,Complete,773,773,5548,,,,
453,26814b9e-c858-4299-a7be-59a2289c3867,60,1,00:01:05.817,1,5,Dribble,3,England,From Throw In,Slovakia,Juraj Kucka,Right Center Midfield,"[57.4, 40.8]",0.0,True,['a2d3f651-3f6b-47ae-85ff-e7ce90544d20'],3941017,Incomplete,768,908,10919,,,,
454,83beccf7-dc25-4e34-9cf7-652c5bad3abc,256,1,00:05:50.172,5,50,Dribble,10,England,From Goal Kick,England,Bukayo Saka,Right Wing,"[110.3, 76.1]",0.0,True,"['9c08c872-d674-4e0a-9132-8af0ad5ddb4a', 'c9aa87df-07c4-4139-bb65-ae728757a8b9']",3941017,Complete,768,768,22084,,,,
455,5189ada8-636a-40f8-bd9c-0184a3e241e7,263,1,00:05:55.149,5,55,Dribble,10,England,From Goal Kick,England,Jude Bellingham,Center Attacking Midfield,"[104.3, 54.6]",0.0,True,['4abf6ed5-c826-4b72-8b98-d81b98b8aade'],3941017,Complete,768,768,30714,,,,
456,0466d64d-cac9-4fa1-b291-c62195d9b9f1,336,1,00:07:28.198,7,28,Dribble,11,Slovakia,From Free Kick,Slovakia,Lukáš Haraslín,Left Wing,"[101.2, 34.1]",0.0,True,['1bca6865-f198-4753-a939-e89b613d4fd4'],3941017,Complete,908,908,7975,,,,
457,93a30af3-338f-4785-a4d7-9546ab0545f4,464,1,00:10:07.114,10,7,Dribble,14,England,Regular Play,England,Kobbie Mainoo,Right Defensive Midfield,"[83.3, 52.0]",0.0,True,['11b5228b-e794-4c65-9f5e-5ffe8d1573a3'],3941017,Complete,768,768,99174,,,,
458,dcfc4f5a-5d64-4f74-b9d4-60bb6cf63806,533,1,00:11:27.114,11,27,Dribble,15,Slovakia,From Goal Kick,England,Bukayo Saka,Right Wing,"[35.0, 59.9]",0.0,True,['04525a30-3e2c-4a8b-9dda-9d7fb2afee85'],3941017,Incomplete,908,768,22084,,,,
459,393c954e-dea9-469f-a2da-2f019dc1f14f,703,1,00:16:02.096,16,2,Dribble,21,Slovakia,From Throw In,Slovakia,Lukáš Haraslín,Left Wing,"[28.2, 2.7]",0.0,True,['ea2704a9-1fd1-446e-8946-06eab2b8d96b'],3941017,Complete,908,908,7975,,,,
460,e3e97d7b-9a9e-460d-a5fa-cee9b2b70d56,918,1,00:21:06.216,21,6,Dribble,30,Slovakia,Regular Play,Slovakia,David Strelec,Center Forward,"[89.8, 26.7]",0.0,True,['3483d954-cc05-4442-8b00-72c67c0459be'],3941017,Incomplete,908,908,43976,,,,
461,e228ec9c-06f0-4fd6-a3db-1f15b855249d,977,1,00:22:02.080,22,2,Dribble,31,England,Regular Play,England,Jude Bellingham,Center Attacking Midfield,"[100.1, 27.3]",0.0,True,"['4259ef4b-eaf3-4b89-b92c-238dfa797981', '5fad1188-1536-4e37-8d34-d2e0afd410ab']",3941017,Complete,768,768,30714,,,,
462,fa96499f-b010-476f-b0a6-06dd295d7b14,1203,1,00:29:21.533,29,21,Dribble,34,England,From Kick Off,England,Bukayo Saka,Right Wing,"[88.4, 77.0]",0.0,True,"['2e82016b-ce9c-4c91-9bc8-b59c83c19696', 'f68e72d3-8c27-4aef-99de-e5c726d61a78']",3941017,Incomplete,768,768,22084,,,,
463,24d31dc0-4deb-4308-af3d-39456054caf7,1518,1,00:37:17.000,37,17,Dribble,49,Slovakia,Regular Play,Slovakia,Lukáš Haraslín,Left Wing,"[48.6, 18.9]",0.0,True,['2be86023-bd89-4370-9901-b1831438c131'],3941017,Incomplete,908,908,7975,,,,
464,84481198-6a4c-4d91-9c22-dd50de5fadd4,1534,1,00:37:23.220,37,23,Dribble,50,England,Regular Play,England,Jude Bellingham,Center Attacking Midfield,"[84.9, 60.0]",0.0,True,['841684ad-b8f5-419b-81ad-f360feaed2e9'],3941017,Complete,768,768,30714,,,,
465,bb389d04-076e-4662-8c98-5cfe3fab7e80,1956,2,00:02:02.038,47,2,Dribble,66,Slovakia,Regular Play,Slovakia,Dávid Hancko,Left Back,"[49.9, 2.1]",0.0,True,['936d7f83-ff75-4204-bef7-15ce79b96381'],3941017,Incomplete,908,908,16879,1.0,,,
466,07f6c24b-9586-4f7c-839b-5ea6f3ff7163,2077,2,00:06:49.696,51,49,Dribble,72,England,From Corner,England,Phil Foden,Left Wing,"[62.1, 20.4]",0.0,True,['89a0dd52-c4ba-409f-8e91-877a35311b4d'],3941017,Incomplete,768,768,4354,,,,
467,f50e09b1-6e82-4342-b8d4-f426e0c05bcb,2248,2,00:10:33.933,55,33,Dribble,81,England,Regular Play,England,Bukayo Saka,Right Wing,"[99.9, 73.1]",0.0,True,['4f322272-d1da-4e3f-8ed9-3d133948faa3'],3941017,Complete,768,768,22084,,,,
468,a9c59082-7454-47f4-8bf9-a1189411cb2d,2400,2,00:13:10.599,58,10,Dribble,87,England,Regular Play,England,Jude Bellingham,Center Attacking Midfield,"[83.0, 41.3]",0.0,True,"['1e2f9e22-7028-4505-b743-24593001165d', 'e10653ca-9ab4-4f19-8081-c0d28d223172']",3941017,Complete,768,768,30714,,,,
469,96a7cccf-1f99-4e81-9bd1-b61d97df257b,2475,2,00:17:04.729,62,4,Dribble,91,England,Regular Play,England,Kieran Trippier,Left Back,"[93.8, 26.5]",0.0,True,['da352772-c371-42be-ab81-30bbf3dcb2a1'],3941017,Incomplete,768,768,3308,,,,
470,f8131b6a-5828-4d6a-b2dc-9366c694d462,2481,2,00:17:09.589,62,9,Dribble,91,England,Regular Play,England,Declan Rice,Left Defensive Midfield,"[96.7, 5.3]",0.0,True,"['300eebd3-ae69-43dc-a7ec-9718593bac8c', 'b493a313-8d63-4824-b435-c04a894b17dc']",3941017,Complete,768,768,3943,,,,
471,289d668b-06cb-45f0-aca9-82c33e350dbe,3179,2,00:37:20.601,82,20,Dribble,117,England,Regular Play,England,Cole Palmer,Right Wing,"[97.8, 76.9]",0.0,True,['cd4a35e4-3826-4c54-8881-850291b66417'],3941017,Incomplete,768,768,39461,,,,
472,54fc9a14-f7d6-4eb9-a73a-07e50ae28346,3381,2,00:41:52.837,86,52,Dribble,128,England,From Keeper,England,Kyle Walker,Right Back,"[34.1, 64.3]",0.0,True,"['fb859dd8-a50c-4853-9e95-6747787a7705', 'fc6de211-5b05-43f1-98ab-b3ba8cc736e8']",3941017,Complete,768,768,3205,,,,
473,fbc7e422-b583-4155-b074-7ee8ac00fad5,3810,3,00:05:23.241,95,23,Dribble,150,Slovakia,From Free Kick,Slovakia,Tomáš Suslov,Left Wing,"[90.4, 11.7]",0.0,True,['dd662afa-f8f4-4389-9326-06ef1d866212'],3941017,Incomplete,908,908,35653,,,,
474,11cc6de0-4c14-4b90-b2cc-c79984e55e00,3891,3,00:06:35.556,96,35,Dribble,151,England,Regular Play,England,Declan Rice,Center Defensive Midfield,"[2.0, 72.9]",0.0,True,['8e816450-7cf2-4727-b9a7-50dd810f0e41'],3941017,Complete,768,768,3943,,,,
475,98904284-7244-41a3-9c35-fb99973fe460,4182,3,00:13:39.626,103,39,Dribble,164,Slovakia,Regular Play,Slovakia,Peter Pekarík,Right Wing Back,"[39.1, 75.1]",0.0,True,['bfe4a7bb-3b3e-4b41-9d75-24ef9d622671'],3941017,Incomplete,908,908,9722,,,,
476,e988588c-a9cf-48ac-9005-278899155db2,4241,3,00:15:57.251,105,57,Dribble,167,England,From Goal Kick,England,Bukayo Saka,Right Wing Back,"[100.3, 73.6]",0.0,True,"['3b83593d-beac-4b1a-ba7e-fb819031c19a', '70126a56-1682-496f-9276-14bed0fb1cad']",3941017,Complete,768,768,22084,,,,
477,f326d949-0f3a-4acb-a55c-cbfa159224cd,4510,4,00:09:40.974,114,40,Dribble,186,England,From Free Kick,England,Eberechi Eze,Left Wing,"[111.1, 10.4]",0.0,True,['330438a3-10a3-40e0-b060-16e6f1a20104'],3941017,Incomplete,768,768,9000,,,,
1003,9cc14545-0ad4-4604-9264-5ab6c25886c2,457,1,00:09:29.016,9,29,Dribble,19,Slovenia,Regular Play,Slovenia,Žan Karničnik,Right Back,"[65.5, 75.6]",0.0,True,['ccd46d46-9323-4853-bdc0-ee19c074bd3d'],3930181,Incomplete,944,944,137487,,1.0,,
1004,50690c10-0973-46b9-b245-535ae29a4acc,473,1,00:10:24.159,10,24,Dribble,20,Slovenia,From Free Kick,Slovenia,Petar Stojanović,Right Midfield,"[89.4, 68.3]",0.0,True,"['5ccc41e7-0330-4447-8fc8-a599a5cd5680', '9ac8a5e7-0c42-45ff-97ee-64e396f9face']",3930181,Complete,944,944,16528,,,,
1005,eca03bb9-dafe-45d4-b949-05a7a873c5ea,491,1,00:10:40.760,10,40,Dribble,20,Slovenia,From Free Kick,Slovenia,Petar Stojanović,Right Midfield,"[77.9, 74.5]",0.0,True,"['c5fa4973-ea02-443b-a295-dbd9f0d224c0', 'de6e8c8f-3239-462e-8c6d-1aca2ae63998']",3930181,Complete,944,944,16528,,,,
1006,c0fe92e4-3ad2-44e7-8f90-cf9891b2d344,813,1,00:19:11.878,19,11,Dribble,32,England,Regular Play,England,Kyle Walker,Right Back,"[52.4, 58.7]",0.0,True,"['4a316721-e936-4deb-85b9-a778a9d717ee', '93398bd7-baa1-484a-b914-c6e28518b637']",3930181,Complete,768,768,3205,,,,
1007,2b11d94a-8def-4f7f-9380-bf1756b3f203,837,1,00:19:31.759,19,31,Dribble,32,England,Regular Play,England,Phil Foden,Left Wing,"[111.4, 15.2]",0.0,True,"['0ad8e980-975b-42b0-b39e-4bc6b6c26931', 'b3686072-de4a-4e6a-8436-a5db77b0bf11']",3930181,Complete,768,768,4354,,,,
1008,170f5106-6086-455a-8468-6c365222df6c,1021,1,00:24:23.317,24,23,Dribble,40,Slovenia,Regular Play,Slovenia,Adam Gnezda Čerin,Right Defensive Midfield,"[33.8, 62.2]",0.0,True,['5320ad12-e9fd-4fa1-abfd-2a62586fe923'],3930181,Complete,944,944,31968,,,,
1009,cec8337d-aaa7-4d63-9288-b9c39571b3bd,2126,2,00:03:32.057,48,32,Dribble,71,England,From Throw In,England,Jude Bellingham,Center Attacking Midfield,"[113.6, 56.6]",0.0,True,"['4a843b49-875f-4514-a834-f423e46ef485', '9e65994f-ed8f-46b2-99aa-b02511f7a3cc']",3930181,Incomplete,768,768,30714,,,,
1010,19279b41-d267-409b-88ca-d26cf355198d,2158,2,00:04:18.406,49,18,Dribble,72,England,From Corner,England,Kobbie Mainoo,Right Defensive Midfield,"[86.8, 54.4]",0.0,True,"['2066f045-a09f-402f-92d6-2e663538b7f8', '9c0eda91-f21d-4711-adc3-3f87c170398d']",3930181,Incomplete,768,768,99174,1.0,,,
1011,9722ec88-2d19-4535-9a8e-1b12107e4c50,2166,2,00:04:20.633,49,20,Dribble,72,England,From Corner,England,Phil Foden,Left Wing,"[84.3, 52.1]",0.0,True,['cb30b6e9-876c-4de2-b2dd-7f18a3542820'],3930181,Complete,768,768,4354,,,,
1012,11df6e5a-4449-4f13-b279-aa9fd6163bce,2323,2,00:08:27.921,53,27,Dribble,82,England,Regular Play,England,Jude Bellingham,Center Attacking Midfield,"[106.5, 49.4]",0.0,True,['ec483fcc-1034-4726-915b-99da916764c6'],3930181,Incomplete,768,768,30714,,,,
1013,74b9c16b-ae74-436b-a70a-47baf0f88d8c,2922,2,00:25:47.109,70,47,Dribble,99,Slovenia,From Counter,Slovenia,Jan Mlakar,Left Midfield,"[35.8, 19.8]",0.0,True,['878e3141-7311-4054-8f4f-64e1ad032146'],3930181,Incomplete,944,944,31089,,,,
1014,82bf0767-5115-4a25-9dc3-b0a99002565b,3062,2,00:29:16.488,74,16,Dribble,103,England,From Throw In,England,Declan Rice,Left Defensive Midfield,"[87.8, 3.7]",0.0,True,"['7dc9a956-742c-4db1-91c9-e045e9ee980c', 'b2fc3c41-32e2-4fb0-9212-cf5c3a8716a0']",3930181,Complete,768,768,3943,,,,
1015,94809467-bad7-404c-a453-bb220cd7bcb2,3248,2,00:34:59.538,79,59,Dribble,112,England,Regular Play,England,Jude Bellingham,Center Attacking Midfield,"[94.2, 69.9]",0.0,True,"['606f3ebc-fdb9-45b6-bbc8-0d6f4796cd40', 'c8b3baa5-aa85-42f4-93c9-3754ddd7df97']",3930181,Complete,768,768,30714,,,,
1016,bf881352-37ae-4995-99ff-932f7a21ee00,3638,2,00:47:25.640,92,25,Dribble,136,England,Regular Play,England,Jude Bellingham,Center Attacking Midfield,"[48.5, 6.4]",0.0,True,"['cfe772ed-7c8d-45ba-8870-bc3e90232339', 'd855fd39-5d43-48d3-a91c-9e1b309433a9']",3930181,Incomplete,768,768,30714,,,,
1017,c908b19f-d3a0-49d5-bf3c-48673f46640b,3653,2,00:47:53.180,92,53,Dribble,137,England,From Throw In,England,Cole Palmer,Right Wing,"[113.7, 71.6]",0.0,True,"['282cea2f-c714-4c3d-b81e-4558c941821e', 'f964a43c-547c-4e9d-8862-d9314d1a8b70']",3930181,Incomplete,768,768,39461,,,,
1185,20e39d64-d6ba-4c89-b044-61e4ef4eab84,400,1,00:07:28.280,7,28,Dribble,8,England,Regular Play,England,Bukayo Saka,Right Wing,"[92.0, 75.9]",0.0,True,['c3af7dae-9668-44fd-a2ea-35e2d3c19e6f'],3930163,Incomplete,768,768,22084,,,,
1186,15d256a2-6969-4873-940f-ee7b88889613,1285,1,00:28:05.859,28,5,Dribble,42,England,Regular Play,England,Bukayo Saka,Right Wing,"[109.7, 62.1]",0.0,True,['fc860836-6a68-464c-823c-43a773c279e3'],3930163,Incomplete,768,768,22084,,,,
1187,6abf3916-20b0-498b-9587-f781ab4c5c88,1640,1,00:36:23.209,36,23,Dribble,50,England,Regular Play,England,Bukayo Saka,Right Wing,"[95.8, 73.5]",0.0,True,['2656f235-24d6-4abe-a2d0-fa2f22ee8ae1'],3930163,Complete,768,768,22084,,,,
1188,4824ca4e-f986-4f21-b694-0965bea1da51,1802,1,00:39:54.427,39,54,Dribble,53,England,From Free Kick,England,Jude Bellingham,Center Attacking Midfield,"[77.5, 33.3]",0.0,True,['17829877-1ae5-4ce5-b001-7ed1ba610edd'],3930163,Incomplete,768,768,30714,,,,
1189,b323edc8-ab78-473e-983a-72a52c949217,1885,1,00:44:15.062,44,15,Dribble,57,England,Regular Play,England,Bukayo Saka,Right Wing,"[40.2, 78.2]",0.0,True,['d07f2cec-cf53-4aa7-802a-d1ca74f15a67'],3930163,Complete,768,768,22084,,,,
1190,2ad329b2-0cab-40f8-9214-70882aca13e7,1939,1,00:44:52.754,44,52,Dribble,58,Serbia,Regular Play,Serbia,Nemanja Gudelj,Center Defensive Midfield,"[44.4, 50.8]",0.0,True,"['87741b8d-643b-40b1-81e9-c6bc99756219', 'b86722f7-2be9-4047-933f-1b59431e0c35']",3930163,Complete,786,786,16489,,,,
1191,c312236f-6af3-4df1-9e14-97c3c73cb3fe,2381,2,00:05:28.579,50,28,Dribble,73,England,Regular Play,England,Bukayo Saka,Right Wing,"[40.5, 66.3]",0.0,True,['6fa3677b-3172-4254-900d-795391f8478d'],3930163,Incomplete,768,768,22084,,,,
1192,9d9a2c50-37d0-4223-9e66-04dbef391312,2650,2,00:11:06.330,56,6,Dribble,81,England,From Free Kick,England,Jude Bellingham,Center Attacking Midfield,"[111.1, 43.6]",0.0,True,['926f1ac4-ff01-415f-be1e-57a37f5f8d5a'],3930163,Incomplete,768,768,30714,,,,
1193,8175bde2-5321-4ae6-b56d-00be8258eaaf,2830,2,00:16:17.788,61,17,Dribble,87,England,Regular Play,England,Harry Kane,Center Forward,"[56.2, 50.2]",0.0,True,"['01d40038-6a74-4c0f-bbc5-494587c1d2a6', 'c1694c3a-3ede-42ee-a1a2-1e8d855c6383']",3930163,Complete,768,768,10955,,,,
1194,d1fc6a23-279f-417a-8f4d-c896870ee761,2857,2,00:16:59.577,61,59,Dribble,88,England,From Free Kick,England,Bukayo Saka,Right Wing,"[51.1, 65.2]",0.0,True,['fd99e5e8-1819-45fe-a7d6-97ec782976f3'],3930163,Incomplete,768,768,22084,,,,
1195,e3a9c96a-c81b-4bd3-b60a-5eb3ed0213cb,3001,2,00:19:41.942,64,41,Dribble,91,Serbia,From Throw In,Serbia,Dušan Tadić,Center Attacking Midfield,"[92.9, 55.6]",0.0,True,['f46ef021-9005-478b-9e85-f4e49c15c6dc'],3930163,Complete,786,786,3831,,,,
1196,75e20f93-d5bf-4b44-aab1-53766a9aeca4,3027,2,00:20:56.968,65,56,Dribble,93,England,From Free Kick,England,Trent Alexander-Arnold,Right Defensive Midfield,"[107.2, 56.7]",0.0,True,['2b63f295-10e7-4284-8b8c-7fe4002bfb33'],3930163,Incomplete,768,768,3664,,,,
1197,8ddd9880-131a-4a31-a2f0-87e05667ff36,3098,2,00:24:27.776,69,27,Dribble,97,Serbia,From Throw In,Serbia,Strahinja Pavlović,Left Center Back,"[96.3, 14.7]",0.0,True,['bd11e213-8d60-4acf-90f6-df3cf8b8d53b'],3930163,Complete,786,786,27719,,,,
1198,08b0ea96-657a-4b1e-979d-71f0e31c99f2,3265,2,00:29:18.486,74,18,Dribble,105,England,Regular Play,England,Kieran Trippier,Left Back,"[50.2, 2.0]",1.590169,True,"['24406b50-c799-4570-82e1-d28ae812b853', '9dbb9ccb-b3a3-4737-bbed-bb6a5bd69012']",3930163,Complete,768,768,3308,,1.0,,
1199,c9a3c107-fd22-4538-b081-ff8bbaf14502,3330,2,00:32:16.422,77,16,Dribble,108,Serbia,From Goal Kick,Serbia,Luka Jović,Left Center Forward,"[92.8, 10.3]",0.0,True,"['05bd56c1-4f58-4d46-ac5f-ad1e9ea82af1', '34dda844-2d58-4aad-8580-b860ec75cc59']",3930163,Complete,786,786,6319,1.0,,,
1200,a4ce90a5-bd36-43ac-9c29-8f710f95c2af,3389,2,00:33:13.262,78,13,Dribble,110,Serbia,Regular Play,Serbia,Strahinja Pavlović,Left Center Back,"[74.0, 19.8]",0.0,True,['e84a56a1-8110-49d4-af69-f8d30824f88e'],3930163,Complete,786,786,27719,,,,
1201,9d10e1b5-5c7d-4e20-9536-28ba2612b43e,3533,2,00:39:06.114,84,6,Dribble,119,England,From Throw In,England,Conor Gallagher,Right Defensive Midfield,"[79.7, 75.8]",0.0,True,['34d824e6-0ea6-4c85-a933-7426a09d7d65'],3930163,Complete,768,768,29399,,,,
1202,7b7020a3-5c89-49af-9d8b-3f632f6ebc1f,3706,2,00:43:13.181,88,13,Dribble,126,Serbia,From Throw In,Serbia,Filip Mladenović,Left Wing Back,"[107.2, 5.4]",0.0,True,"['8bda42db-5c3f-4c23-a9c9-e2f25b08b96a', '9d905d68-e0f5-414b-9d5e-5122f795f4c4']",3930163,Complete,786,786,7993,,,,
